{"v":"5.9.0","fr":25,"ip":0,"op":131,"w":1170,"h":260,"nm":"Accenture_BuildUp_Desktop_Hover_011_Linear","ddd":0,"assets":[{"id":"comp_0","nm":"Icon","fr":60,"layers":[{"ddd":0,"ind":1,"ty":4,"nm":"Vector","sr":1,"ks":{"o":{"a":0,"k":100,"ix":11},"r":{"a":0,"k":0,"ix":10},"p":{"a":0,"k":[11.7,12,0],"ix":2,"l":2},"a":{"a":0,"k":[0,0,0],"ix":1,"l":2},"s":{"a":0,"k":[100,100,100],"ix":6,"l":2}},"ao":0,"shapes":[{"ty":"gr","it":[{"ind":0,"ty":"sh","ix":1,"ks":{"a":0,"k":{"i":[[0,0],[0,0],[0,0],[0,0],[0,0],[0,0]],"o":[[0,0],[0,0],[0,0],[0,0],[0,0],[0,0]],"v":[[-3.7,4.6],[-2.3,6],[3.7,0],[-2.3,-6],[-3.7,-4.6],[0.9,0]],"c":true},"ix":2},"nm":"Path 1","mn":"ADBE Vector Shape - Group","hd":false},{"ty":"fl","c":{"a":0,"k":[1,1,1,1],"ix":4},"o":{"a":0,"k":100,"ix":5},"r":1,"bm":0,"nm":"Fill 1","mn":"ADBE Vector Graphic - Fill","hd":false},{"ty":"tr","p":{"a":0,"k":[0,0],"ix":2},"a":{"a":0,"k":[0,0],"ix":1},"s":{"a":0,"k":[100,100],"ix":3},"r":{"a":0,"k":0,"ix":6},"o":{"a":0,"k":100,"ix":7},"sk":{"a":0,"k":0,"ix":4},"sa":{"a":0,"k":0,"ix":5},"nm":"Transform"}],"nm":"Vector","np":2,"cix":2,"bm":0,"ix":1,"mn":"ADBE Vector Group","hd":false}],"ip":0,"op":175.833333333333,"st":0,"bm":0},{"ddd":0,"ind":2,"ty":4,"nm":"Icon","sr":1,"ks":{"o":{"a":0,"k":100,"ix":11},"r":{"a":0,"k":0,"ix":10},"p":{"a":0,"k":[12,12,0],"ix":2,"l":2},"a":{"a":0,"k":[0,0,0],"ix":1,"l":2},"s":{"a":0,"k":[100,100,100],"ix":6,"l":2}},"ao":0,"shapes":[{"ty":"gr","it":[{"ty":"rc","d":1,"s":{"a":0,"k":[24,24],"ix":2},"p":{"a":0,"k":[0,0],"ix":3},"r":{"a":0,"k":0,"ix":4},"nm":"Rectangle Path 1","mn":"ADBE Vector Shape - Rect","hd":false},{"ty":"fl","c":{"a":0,"k":[0.631372570992,0,1,1],"ix":4},"o":{"a":0,"k":100,"ix":5},"r":1,"bm":0,"nm":"Fill 1","mn":"ADBE Vector Graphic - Fill","hd":false},{"ty":"tr","p":{"a":0,"k":[0,0],"ix":2},"a":{"a":0,"k":[0,0],"ix":1},"s":{"a":0,"k":[100,100],"ix":3},"r":{"a":0,"k":0,"ix":6},"o":{"a":0,"k":100,"ix":7},"sk":{"a":0,"k":0,"ix":4},"sa":{"a":0,"k":0,"ix":5},"nm":"Transform"}],"nm":"Icon","np":2,"cix":2,"bm":0,"ix":1,"mn":"ADBE Vector Group","hd":false}],"ip":0,"op":175.833333333333,"st":0,"bm":0}]}],"layers":[{"ddd":0,"ind":1,"ty":3,"nm":"Null 19","sr":1,"ks":{"o":{"a":0,"k":0,"ix":11},"r":{"a":0,"k":0,"ix":10},"p":{"a":0,"k":[585,158.2,0],"ix":2,"l":2},"a":{"a":0,"k":[0,0,0],"ix":1,"l":2},"s":{"a":0,"k":[74.25,74.25,100],"ix":6,"l":2}},"ao":0,"ip":0,"op":131,"st":0,"bm":0},{"ddd":0,"ind":2,"ty":3,"nm":"Null 20","sr":1,"ks":{"o":{"a":0,"k":0,"ix":11},"r":{"a":0,"k":0,"ix":10},"p":{"a":0,"k":[588.6,230.2,0],"ix":2,"l":2},"a":{"a":0,"k":[0,0,0],"ix":1,"l":2},"s":{"a":0,"k":[45,45,100],"ix":6,"l":2}},"ao":0,"ip":0,"op":131,"st":0,"bm":0},{"ddd":0,"ind":3,"ty":1,"nm":"Dark Gray Solid 2","parent":2,"td":1,"sr":1,"ks":{"o":{"a":0,"k":100,"ix":11},"r":{"a":0,"k":0,"ix":10},"p":{"a":1,"k":[{"i":{"x":0.329,"y":1},"o":{"x":0.333,"y":0},"t":23,"s":[-4,-112,0],"to":[0,1.852,0],"ti":[0,-1.852,0]},{"t":70,"s":[-4,-100.889,0]}],"ix":2,"l":2},"a":{"a":0,"k":[1440,520,0],"ix":1,"l":2},"s":{"a":0,"k":[40.833,27.692,100],"ix":6,"l":2}},"ao":0,"sw":2880,"sh":1040,"sc":"#161616","ip":0,"op":131,"st":0,"bm":0},{"ddd":0,"ind":4,"ty":0,"nm":"Icon","parent":6,"tt":1,"refId":"comp_0","sr":1,"ks":{"o":{"a":0,"k":100,"ix":11},"r":{"a":0,"k":0,"ix":10},"p":{"a":0,"k":[164.076,-3.76,0],"ix":2,"l":2},"a":{"a":0,"k":[12,12,0],"ix":1,"l":2},"s":{"a":0,"k":[107.556,107.556,100],"ix":6,"l":2}},"ao":0,"w":24,"h":24,"ip":0,"op":138,"st":0,"bm":0},{"ddd":0,"ind":5,"ty":1,"nm":"Dark Gray Solid 2","parent":2,"td":1,"sr":1,"ks":{"o":{"a":0,"k":100,"ix":11},"r":{"a":0,"k":0,"ix":10},"p":{"a":1,"k":[{"i":{"x":0.329,"y":1},"o":{"x":0.333,"y":0},"t":23,"s":[-4,-112,0],"to":[0,1.852,0],"ti":[0,-1.852,0]},{"t":70,"s":[-4,-100.889,0]}],"ix":2,"l":2},"a":{"a":0,"k":[1440,520,0],"ix":1,"l":2},"s":{"a":0,"k":[40.833,27.692,100],"ix":6,"l":2}},"ao":0,"sw":2880,"sh":1040,"sc":"#161616","ip":0,"op":131,"st":0,"bm":0},{"ddd":0,"ind":6,"ty":4,"nm":"Let there be change 2 Outlines","parent":2,"tt":1,"sr":1,"ks":{"o":{"a":0,"k":100,"ix":11},"r":{"a":0,"k":0,"ix":10},"p":{"a":1,"k":[{"i":{"x":0,"y":1},"o":{"x":0.333,"y":0},"t":23,"s":[-8.117,83.111,0],"to":[0,-13.185,0],"ti":[0,13.185,0]},{"t":70,"s":[-8.117,4,0]}],"ix":2,"l":2},"a":{"a":0,"k":[0,0,0],"ix":1,"l":2},"s":{"a":0,"k":[200,200,100],"ix":6,"l":2}},"ao":0,"shapes":[{"ty":"gr","it":[{"ind":0,"ty":"sh","ix":1,"ks":{"a":0,"k":{"i":[[0,0],[0,0],[0,0],[0,0],[0,0],[0,0]],"o":[[0,0],[0,0],[0,0],[0,0],[0,0],[0,0]],"v":[[-126.728,3.42],[-114.464,3.42],[-114.464,0.48],[-123.004,0.48],[-123.004,-16.6],[-126.728,-16.6]],"c":true},"ix":2},"nm":"L","mn":"ADBE Vector Shape - Group","hd":false},{"ty":"fl","c":{"a":0,"k":[1,1,1,1],"ix":4},"o":{"a":0,"k":100,"ix":5},"r":1,"bm":0,"nm":"Fill 1","mn":"ADBE Vector Graphic - Fill","hd":false},{"ty":"tr","p":{"a":0,"k":[0,0],"ix":2},"a":{"a":0,"k":[0,0],"ix":1},"s":{"a":0,"k":[100,100],"ix":3},"r":{"a":0,"k":0,"ix":6},"o":{"a":0,"k":100,"ix":7},"sk":{"a":0,"k":0,"ix":4},"sa":{"a":0,"k":0,"ix":5},"nm":"Transform"}],"nm":"L","np":3,"cix":2,"bm":0,"ix":1,"mn":"ADBE Vector Group","hd":false},{"ty":"gr","it":[{"ind":0,"ty":"sh","ix":1,"ks":{"a":0,"k":{"i":[[-1.176,0.817],[-0.243,1.558],[0,0],[0.541,-0.397],[1.026,0],[0.681,0.752],[0.056,1.409],[0,0],[0,0],[0.382,0.93],[0.634,0.595],[0.83,0.279],[0.914,0],[0.886,-0.364],[0.653,-0.662],[0.364,-0.924],[0,-1.138],[0,0],[-0.364,-0.914],[-0.663,-0.644],[-0.906,-0.345],[-1.083,0]],"o":[[1.176,-0.817],[0,0],[-0.131,0.718],[-0.542,0.397],[-1.27,0],[-0.682,-0.752],[0,0],[0,0],[0,-1.302],[-0.383,-0.93],[-0.635,-0.595],[-0.831,-0.279],[-1.046,0],[-0.887,0.364],[-0.654,0.663],[-0.364,0.924],[0,0],[0,1.158],[0.364,0.915],[0.662,0.644],[0.905,0.345],[1.885,0]],"v":[[-101.276,2.475],[-99.148,-1.088],[-102.424,-1.088],[-103.432,0.585],[-105.784,1.18],[-108.71,0.053],[-109.816,-3.188],[-99.092,-3.188],[-99.092,-4.165],[-99.666,-7.514],[-101.192,-9.802],[-103.39,-11.113],[-106.008,-11.532],[-108.906,-10.986],[-111.216,-9.446],[-112.742,-7.066],[-113.288,-3.972],[-113.288,-3.748],[-112.742,-0.64],[-111.202,1.698],[-108.85,3.182],[-105.868,3.7]],"c":true},"ix":2},"nm":"e","mn":"ADBE Vector Shape - Group","hd":false},{"ind":1,"ty":"sh","ix":2,"ks":{"a":0,"k":{"i":[[0,0],[-0.654,0.644],[-1.027,0],[-0.607,-0.578],[-0.094,-1.269]],"o":[[0.168,-1.138],[0.653,-0.644],[1.064,0],[0.606,0.579],[0,0]],"v":[[-109.76,-5.428],[-108.528,-8.102],[-106.008,-9.068],[-103.502,-8.2],[-102.452,-5.428]],"c":true},"ix":2},"nm":"e","mn":"ADBE Vector Shape - Group","hd":false},{"ty":"mm","mm":1,"nm":"Merge Paths 1","mn":"ADBE Vector Filter - Merge","hd":false},{"ty":"fl","c":{"a":0,"k":[1,1,1,1],"ix":4},"o":{"a":0,"k":100,"ix":5},"r":1,"bm":0,"nm":"Fill 1","mn":"ADBE Vector Graphic - Fill","hd":false},{"ty":"tr","p":{"a":0,"k":[0,0],"ix":2},"a":{"a":0,"k":[0,0],"ix":1},"s":{"a":0,"k":[100,100],"ix":3},"r":{"a":0,"k":0,"ix":6},"o":{"a":0,"k":100,"ix":7},"sk":{"a":0,"k":0,"ix":4},"sa":{"a":0,"k":0,"ix":5},"nm":"Transform"}],"nm":"e","np":5,"cix":2,"bm":0,"ix":2,"mn":"ADBE Vector Group","hd":false},{"ty":"gr","it":[{"ind":0,"ty":"sh","ix":1,"ks":{"a":0,"k":{"i":[[-0.374,0.075],[-0.262,0.094],[0,0],[0.653,0],[0.289,0.299],[0,0.654],[0,0],[0,0],[0,0],[0,0],[0,0],[0,0],[0,0],[0,0],[0,0],[0,0],[0,0],[-0.747,-0.748],[-1.456,0]],"o":[[0.373,-0.076],[0,0],[-0.448,0.187],[-0.542,0],[-0.29,-0.298],[0,0],[0,0],[0,0],[0,0],[0,0],[0,0],[0,0],[0,0],[0,0],[0,0],[0,0],[0,1.403],[0.746,0.749],[0.522,0]],"v":[[-90.188,3.559],[-89.236,3.304],[-89.236,0.592],[-90.888,0.872],[-92.134,0.424],[-92.568,-1.004],[-92.568,-8.704],[-89.348,-8.704],[-89.348,-11.224],[-92.568,-11.224],[-92.568,-14.444],[-95.956,-14.444],[-95.956,-11.224],[-97.916,-11.224],[-97.916,-8.704],[-95.956,-8.704],[-95.956,-0.678],[-94.836,2.549],[-91.532,3.672]],"c":true},"ix":2},"nm":"t","mn":"ADBE Vector Shape - Group","hd":false},{"ty":"fl","c":{"a":0,"k":[1,1,1,1],"ix":4},"o":{"a":0,"k":100,"ix":5},"r":1,"bm":0,"nm":"Fill 1","mn":"ADBE Vector Graphic - Fill","hd":false},{"ty":"tr","p":{"a":0,"k":[0,0],"ix":2},"a":{"a":0,"k":[0,0],"ix":1},"s":{"a":0,"k":[100,100],"ix":3},"r":{"a":0,"k":0,"ix":6},"o":{"a":0,"k":100,"ix":7},"sk":{"a":0,"k":0,"ix":4},"sa":{"a":0,"k":0,"ix":5},"nm":"Transform"}],"nm":"t","np":3,"cix":2,"bm":0,"ix":3,"mn":"ADBE Vector Group","hd":false},{"ty":"gr","it":[{"ind":0,"ty":"sh","ix":1,"ks":{"a":0,"k":{"i":[[-0.374,0.075],[-0.262,0.094],[0,0],[0.653,0],[0.289,0.299],[0,0.654],[0,0],[0,0],[0,0],[0,0],[0,0],[0,0],[0,0],[0,0],[0,0],[0,0],[0,0],[-0.747,-0.748],[-1.456,0]],"o":[[0.373,-0.076],[0,0],[-0.448,0.187],[-0.542,0],[-0.29,-0.298],[0,0],[0,0],[0,0],[0,0],[0,0],[0,0],[0,0],[0,0],[0,0],[0,0],[0,0],[0,1.403],[0.746,0.749],[0.522,0]],"v":[[-74.088,3.559],[-73.136,3.304],[-73.136,0.592],[-74.788,0.872],[-76.034,0.424],[-76.468,-1.004],[-76.468,-8.704],[-73.248,-8.704],[-73.248,-11.224],[-76.468,-11.224],[-76.468,-14.444],[-79.856,-14.444],[-79.856,-11.224],[-81.816,-11.224],[-81.816,-8.704],[-79.856,-8.704],[-79.856,-0.678],[-78.736,2.549],[-75.432,3.672]],"c":true},"ix":2},"nm":"t","mn":"ADBE Vector Shape - Group","hd":false},{"ty":"fl","c":{"a":0,"k":[1,1,1,1],"ix":4},"o":{"a":0,"k":100,"ix":5},"r":1,"bm":0,"nm":"Fill 1","mn":"ADBE Vector Graphic - Fill","hd":false},{"ty":"tr","p":{"a":0,"k":[0,0],"ix":2},"a":{"a":0,"k":[0,0],"ix":1},"s":{"a":0,"k":[100,100],"ix":3},"r":{"a":0,"k":0,"ix":6},"o":{"a":0,"k":100,"ix":7},"sk":{"a":0,"k":0,"ix":4},"sa":{"a":0,"k":0,"ix":5},"nm":"Transform"}],"nm":"t","np":3,"cix":2,"bm":0,"ix":4,"mn":"ADBE Vector Group","hd":false},{"ty":"gr","it":[{"ind":0,"ty":"sh","ix":1,"ks":{"a":0,"k":{"i":[[0,0],[0,0],[0,0],[-0.672,0.589],[-0.952,0],[-0.467,-0.514],[0,-1.123],[0,0],[0,0],[0,0],[0.242,0.728],[0.448,0.458],[0.616,0.224],[0.728,0],[0.793,-0.522],[0.354,-0.709],[0,0],[0,0]],"o":[[0,0],[0,0],[0,-1.16],[0.672,-0.589],[1.008,0],[0.466,0.514],[0,0],[0,0],[0,0],[0,-1.008],[-0.243,-0.728],[-0.448,-0.457],[-0.616,-0.224],[-1.214,0],[-0.794,0.523],[0,0],[0,0],[0,0]],"v":[[-70.532,3.42],[-67.144,3.42],[-67.144,-5.224],[-66.136,-7.848],[-63.7,-8.732],[-61.488,-7.96],[-60.788,-5.505],[-60.788,3.42],[-57.4,3.42],[-57.4,-5.792],[-57.764,-8.396],[-58.8,-10.174],[-60.396,-11.196],[-62.412,-11.532],[-65.422,-10.748],[-67.144,-8.9],[-67.144,-18],[-70.532,-18]],"c":true},"ix":2},"nm":"h","mn":"ADBE Vector Shape - Group","hd":false},{"ty":"fl","c":{"a":0,"k":[1,1,1,1],"ix":4},"o":{"a":0,"k":100,"ix":5},"r":1,"bm":0,"nm":"Fill 1","mn":"ADBE Vector Graphic - Fill","hd":false},{"ty":"tr","p":{"a":0,"k":[0,0],"ix":2},"a":{"a":0,"k":[0,0],"ix":1},"s":{"a":0,"k":[100,100],"ix":3},"r":{"a":0,"k":0,"ix":6},"o":{"a":0,"k":100,"ix":7},"sk":{"a":0,"k":0,"ix":4},"sa":{"a":0,"k":0,"ix":5},"nm":"Transform"}],"nm":"h","np":3,"cix":2,"bm":0,"ix":5,"mn":"ADBE Vector Group","hd":false},{"ty":"gr","it":[{"ind":0,"ty":"sh","ix":1,"ks":{"a":0,"k":{"i":[[-1.176,0.817],[-0.243,1.558],[0,0],[0.541,-0.397],[1.026,0],[0.681,0.752],[0.056,1.409],[0,0],[0,0],[0.382,0.93],[0.634,0.595],[0.83,0.279],[0.914,0],[0.886,-0.364],[0.653,-0.662],[0.364,-0.924],[0,-1.138],[0,0],[-0.364,-0.914],[-0.663,-0.644],[-0.906,-0.345],[-1.083,0]],"o":[[1.176,-0.817],[0,0],[-0.131,0.718],[-0.542,0.397],[-1.27,0],[-0.682,-0.752],[0,0],[0,0],[0,-1.302],[-0.383,-0.93],[-0.635,-0.595],[-0.831,-0.279],[-1.046,0],[-0.887,0.364],[-0.654,0.663],[-0.364,0.924],[0,0],[0,1.158],[0.364,0.915],[0.662,0.644],[0.905,0.345],[1.885,0]],"v":[[-42.924,2.475],[-40.796,-1.088],[-44.072,-1.088],[-45.08,0.585],[-47.432,1.18],[-50.358,0.053],[-51.464,-3.188],[-40.74,-3.188],[-40.74,-4.165],[-41.314,-7.514],[-42.84,-9.802],[-45.038,-11.113],[-47.656,-11.532],[-50.554,-10.986],[-52.864,-9.446],[-54.39,-7.066],[-54.936,-3.972],[-54.936,-3.748],[-54.39,-0.64],[-52.85,1.698],[-50.498,3.182],[-47.516,3.7]],"c":true},"ix":2},"nm":"e","mn":"ADBE Vector Shape - Group","hd":false},{"ind":1,"ty":"sh","ix":2,"ks":{"a":0,"k":{"i":[[0,0],[-0.654,0.644],[-1.027,0],[-0.607,-0.578],[-0.094,-1.269]],"o":[[0.168,-1.138],[0.653,-0.644],[1.064,0],[0.606,0.579],[0,0]],"v":[[-51.408,-5.428],[-50.176,-8.102],[-47.656,-9.068],[-45.15,-8.2],[-44.1,-5.428]],"c":true},"ix":2},"nm":"e","mn":"ADBE Vector Shape - Group","hd":false},{"ty":"mm","mm":1,"nm":"Merge Paths 1","mn":"ADBE Vector Filter - Merge","hd":false},{"ty":"fl","c":{"a":0,"k":[1,1,1,1],"ix":4},"o":{"a":0,"k":100,"ix":5},"r":1,"bm":0,"nm":"Fill 1","mn":"ADBE Vector Graphic - Fill","hd":false},{"ty":"tr","p":{"a":0,"k":[0,0],"ix":2},"a":{"a":0,"k":[0,0],"ix":1},"s":{"a":0,"k":[100,100],"ix":3},"r":{"a":0,"k":0,"ix":6},"o":{"a":0,"k":100,"ix":7},"sk":{"a":0,"k":0,"ix":4},"sa":{"a":0,"k":0,"ix":5},"nm":"Transform"}],"nm":"e","np":5,"cix":2,"bm":0,"ix":6,"mn":"ADBE Vector Group","hd":false},{"ty":"gr","it":[{"ind":0,"ty":"sh","ix":1,"ks":{"a":0,"k":{"i":[[0,0],[0,0],[0,0],[-0.215,0.514],[-0.411,0.318],[-0.588,0.14],[-0.747,0],[0,0],[0.737,-0.513],[0.466,-0.933],[0,0],[0,0]],"o":[[0,0],[0,0],[0,-0.784],[0.214,-0.513],[0.41,-0.317],[0.588,-0.14],[0,0],[-1.232,0.019],[-0.738,0.514],[0,0],[0,0],[0,0]],"v":[[-38.164,3.42],[-34.776,3.42],[-34.776,-4.196],[-34.454,-6.142],[-33.516,-7.388],[-32.018,-8.074],[-30.016,-8.284],[-30.016,-11.448],[-32.97,-10.65],[-34.776,-8.48],[-34.776,-11.224],[-38.164,-11.224]],"c":true},"ix":2},"nm":"r","mn":"ADBE Vector Shape - Group","hd":false},{"ty":"fl","c":{"a":0,"k":[1,1,1,1],"ix":4},"o":{"a":0,"k":100,"ix":5},"r":1,"bm":0,"nm":"Fill 1","mn":"ADBE Vector Graphic - Fill","hd":false},{"ty":"tr","p":{"a":0,"k":[0,0],"ix":2},"a":{"a":0,"k":[0,0],"ix":1},"s":{"a":0,"k":[100,100],"ix":3},"r":{"a":0,"k":0,"ix":6},"o":{"a":0,"k":100,"ix":7},"sk":{"a":0,"k":0,"ix":4},"sa":{"a":0,"k":0,"ix":5},"nm":"Transform"}],"nm":"r","np":3,"cix":2,"bm":0,"ix":7,"mn":"ADBE Vector Group","hd":false},{"ty":"gr","it":[{"ind":0,"ty":"sh","ix":1,"ks":{"a":0,"k":{"i":[[-1.176,0.817],[-0.243,1.558],[0,0],[0.541,-0.397],[1.026,0],[0.681,0.752],[0.056,1.409],[0,0],[0,0],[0.382,0.93],[0.634,0.595],[0.83,0.279],[0.914,0],[0.886,-0.364],[0.653,-0.662],[0.364,-0.924],[0,-1.138],[0,0],[-0.364,-0.914],[-0.663,-0.644],[-0.906,-0.345],[-1.083,0]],"o":[[1.176,-0.817],[0,0],[-0.131,0.718],[-0.542,0.397],[-1.27,0],[-0.682,-0.752],[0,0],[0,0],[0,-1.302],[-0.383,-0.93],[-0.635,-0.595],[-0.831,-0.279],[-1.046,0],[-0.887,0.364],[-0.654,0.663],[-0.364,0.924],[0,0],[0,1.158],[0.364,0.915],[0.662,0.644],[0.905,0.345],[1.885,0]],"v":[[-16.744,2.475],[-14.616,-1.088],[-17.892,-1.088],[-18.9,0.585],[-21.252,1.18],[-24.178,0.053],[-25.284,-3.188],[-14.56,-3.188],[-14.56,-4.165],[-15.134,-7.514],[-16.66,-9.802],[-18.858,-11.113],[-21.476,-11.532],[-24.374,-10.986],[-26.684,-9.446],[-28.21,-7.066],[-28.756,-3.972],[-28.756,-3.748],[-28.21,-0.64],[-26.67,1.698],[-24.318,3.182],[-21.336,3.7]],"c":true},"ix":2},"nm":"e","mn":"ADBE Vector Shape - Group","hd":false},{"ind":1,"ty":"sh","ix":2,"ks":{"a":0,"k":{"i":[[0,0],[-0.654,0.644],[-1.027,0],[-0.607,-0.578],[-0.094,-1.269]],"o":[[0.168,-1.138],[0.653,-0.644],[1.064,0],[0.606,0.579],[0,0]],"v":[[-25.228,-5.428],[-23.996,-8.102],[-21.476,-9.068],[-18.97,-8.2],[-17.92,-5.428]],"c":true},"ix":2},"nm":"e","mn":"ADBE Vector Shape - Group","hd":false},{"ty":"mm","mm":1,"nm":"Merge Paths 1","mn":"ADBE Vector Filter - Merge","hd":false},{"ty":"fl","c":{"a":0,"k":[1,1,1,1],"ix":4},"o":{"a":0,"k":100,"ix":5},"r":1,"bm":0,"nm":"Fill 1","mn":"ADBE Vector Graphic - Fill","hd":false},{"ty":"tr","p":{"a":0,"k":[0,0],"ix":2},"a":{"a":0,"k":[0,0],"ix":1},"s":{"a":0,"k":[100,100],"ix":3},"r":{"a":0,"k":0,"ix":6},"o":{"a":0,"k":100,"ix":7},"sk":{"a":0,"k":0,"ix":4},"sa":{"a":0,"k":0,"ix":5},"nm":"Transform"}],"nm":"e","np":5,"cix":2,"bm":0,"ix":8,"mn":"ADBE Vector Group","hd":false},{"ty":"gr","it":[{"ind":0,"ty":"sh","ix":1,"ks":{"a":0,"k":{"i":[[-0.794,0.345],[-0.57,0.654],[-0.327,0.934],[0,1.176],[0,0],[0.336,0.924],[0.578,0.635],[0.793,0.336],[0.914,0],[0.485,-0.149],[0.42,-0.242],[0.317,-0.317],[0.205,-0.354],[0,0],[0,0],[0,0],[0,0],[0,0],[-0.812,-0.504],[-1.176,0]],"o":[[0.793,-0.345],[0.569,-0.653],[0.326,-0.933],[0,0],[0,-1.176],[-0.336,-0.924],[-0.579,-0.634],[-0.794,-0.336],[-0.542,0],[-0.486,0.15],[-0.42,0.243],[-0.318,0.318],[0,0],[0,0],[0,0],[0,0],[0,0],[0.392,0.747],[0.812,0.504],[0.952,0]],"v":[[5.026,3.182],[7.07,1.684],[8.414,-0.696],[8.904,-3.86],[8.904,-4.084],[8.4,-7.234],[7.028,-9.572],[4.97,-11.028],[2.408,-11.532],[0.868,-11.308],[-0.49,-10.72],[-1.596,-9.88],[-2.38,-8.872],[-2.38,-18],[-5.768,-18],[-5.768,3.42],[-2.38,3.42],[-2.38,1.068],[-0.574,2.944],[2.408,3.7]],"c":true},"ix":2},"nm":"b","mn":"ADBE Vector Shape - Group","hd":false},{"ind":1,"ty":"sh","ix":2,"ks":{"a":0,"k":{"i":[[0.737,0.786],[0,1.648],[0,0],[-0.756,0.795],[-1.176,0],[-0.467,-0.196],[-0.355,-0.412],[-0.196,-0.608],[0,-0.805],[0,0],[0.662,-0.814],[1.25,0]],"o":[[-0.738,-0.786],[0,0],[0,-1.647],[0.756,-0.795],[0.56,0],[0.466,0.197],[0.354,0.412],[0.196,0.609],[0,0],[0,1.591],[-0.663,0.815],[-1.232,0]],"v":[[-1.386,-0.139],[-2.492,-3.79],[-2.492,-4.014],[-1.358,-7.679],[1.54,-8.872],[3.08,-8.577],[4.312,-7.665],[5.138,-6.134],[5.432,-4.014],[5.432,-3.79],[4.438,-0.182],[1.568,1.04]],"c":true},"ix":2},"nm":"b","mn":"ADBE Vector Shape - Group","hd":false},{"ty":"mm","mm":1,"nm":"Merge Paths 1","mn":"ADBE Vector Filter - Merge","hd":false},{"ty":"fl","c":{"a":0,"k":[1,1,1,1],"ix":4},"o":{"a":0,"k":100,"ix":5},"r":1,"bm":0,"nm":"Fill 1","mn":"ADBE Vector Graphic - Fill","hd":false},{"ty":"tr","p":{"a":0,"k":[0,0],"ix":2},"a":{"a":0,"k":[0,0],"ix":1},"s":{"a":0,"k":[100,100],"ix":3},"r":{"a":0,"k":0,"ix":6},"o":{"a":0,"k":100,"ix":7},"sk":{"a":0,"k":0,"ix":4},"sa":{"a":0,"k":0,"ix":5},"nm":"Transform"}],"nm":"b","np":5,"cix":2,"bm":0,"ix":9,"mn":"ADBE Vector Group","hd":false},{"ty":"gr","it":[{"ind":0,"ty":"sh","ix":1,"ks":{"a":0,"k":{"i":[[-1.176,0.817],[-0.243,1.558],[0,0],[0.541,-0.397],[1.026,0],[0.681,0.752],[0.056,1.409],[0,0],[0,0],[0.382,0.93],[0.634,0.595],[0.83,0.279],[0.914,0],[0.886,-0.364],[0.653,-0.662],[0.364,-0.924],[0,-1.138],[0,0],[-0.364,-0.914],[-0.663,-0.644],[-0.906,-0.345],[-1.083,0]],"o":[[1.176,-0.817],[0,0],[-0.131,0.718],[-0.542,0.397],[-1.27,0],[-0.682,-0.752],[0,0],[0,0],[0,-1.302],[-0.383,-0.93],[-0.635,-0.595],[-0.831,-0.279],[-1.046,0],[-0.887,0.364],[-0.654,0.663],[-0.364,0.924],[0,0],[0,1.158],[0.364,0.915],[0.662,0.644],[0.905,0.345],[1.885,0]],"v":[[22.54,2.475],[24.668,-1.088],[21.392,-1.088],[20.384,0.585],[18.032,1.18],[15.106,0.053],[14,-3.188],[24.724,-3.188],[24.724,-4.165],[24.15,-7.514],[22.624,-9.802],[20.426,-11.113],[17.808,-11.532],[14.91,-10.986],[12.6,-9.446],[11.074,-7.066],[10.528,-3.972],[10.528,-3.748],[11.074,-0.64],[12.614,1.698],[14.966,3.182],[17.948,3.7]],"c":true},"ix":2},"nm":"e","mn":"ADBE Vector Shape - Group","hd":false},{"ind":1,"ty":"sh","ix":2,"ks":{"a":0,"k":{"i":[[0,0],[-0.654,0.644],[-1.027,0],[-0.607,-0.578],[-0.094,-1.269]],"o":[[0.168,-1.138],[0.653,-0.644],[1.064,0],[0.606,0.579],[0,0]],"v":[[14.056,-5.428],[15.288,-8.102],[17.808,-9.068],[20.314,-8.2],[21.364,-5.428]],"c":true},"ix":2},"nm":"e","mn":"ADBE Vector Shape - Group","hd":false},{"ty":"mm","mm":1,"nm":"Merge Paths 1","mn":"ADBE Vector Filter - Merge","hd":false},{"ty":"fl","c":{"a":0,"k":[1,1,1,1],"ix":4},"o":{"a":0,"k":100,"ix":5},"r":1,"bm":0,"nm":"Fill 1","mn":"ADBE Vector Graphic - Fill","hd":false},{"ty":"tr","p":{"a":0,"k":[0,0],"ix":2},"a":{"a":0,"k":[0,0],"ix":1},"s":{"a":0,"k":[100,100],"ix":3},"r":{"a":0,"k":0,"ix":6},"o":{"a":0,"k":100,"ix":7},"sk":{"a":0,"k":0,"ix":4},"sa":{"a":0,"k":0,"ix":5},"nm":"Transform"}],"nm":"e","np":5,"cix":2,"bm":0,"ix":10,"mn":"ADBE Vector Group","hd":false},{"ty":"gr","it":[{"ind":0,"ty":"sh","ix":1,"ks":{"a":0,"k":{"i":[[-0.812,0.28],[-0.579,0.514],[-0.346,0.7],[-0.056,0.84],[0,0],[0.205,-0.392],[0.317,-0.261],[0.401,-0.13],[0.448,0],[0.728,0.822],[0,1.606],[0,0],[-0.196,0.598],[-0.355,0.42],[-0.486,0.215],[-0.579,0],[-0.598,-0.429],[-0.15,-0.989],[0,0],[0.41,0.7],[0.606,0.43],[0.765,0.196],[0.802,0],[0.896,-0.354],[0.672,-0.662],[0.382,-0.933],[0,-1.157],[0,0],[-0.374,-0.914],[-0.663,-0.634],[-0.906,-0.336],[-1.046,0]],"o":[[0.812,-0.28],[0.578,-0.513],[0.345,-0.7],[0,0],[-0.056,0.523],[-0.206,0.392],[-0.318,0.262],[-0.402,0.131],[-1.251,0],[-0.728,-0.821],[0,0],[0,-0.746],[0.196,-0.597],[0.354,-0.42],[0.485,-0.214],[0.896,0],[0.597,0.43],[0,0],[-0.094,-1.008],[-0.411,-0.7],[-0.607,-0.429],[-0.766,-0.196],[-1.027,0],[-0.896,0.355],[-0.672,0.663],[-0.383,0.934],[0,0],[0,1.176],[0.373,0.915],[0.662,0.635],[0.905,0.336],[0.989,0]],"v":[[42.63,3.28],[44.716,2.09],[46.102,0.27],[46.704,-2.04],[43.596,-2.04],[43.204,-0.668],[42.42,0.312],[41.342,0.9],[40.068,1.096],[37.1,-0.136],[36.008,-3.776],[36.008,-4],[36.302,-6.016],[37.128,-7.542],[38.388,-8.494],[39.984,-8.816],[42.224,-8.172],[43.344,-6.044],[46.62,-6.044],[45.864,-8.606],[44.338,-10.3],[42.28,-11.238],[39.928,-11.532],[37.044,-11],[34.692,-9.474],[33.11,-7.08],[32.536,-3.944],[32.536,-3.72],[33.096,-0.584],[34.65,1.74],[37.002,3.196],[39.928,3.7]],"c":true},"ix":2},"nm":"c","mn":"ADBE Vector Shape - Group","hd":false},{"ty":"fl","c":{"a":0,"k":[1,1,1,1],"ix":4},"o":{"a":0,"k":100,"ix":5},"r":1,"bm":0,"nm":"Fill 1","mn":"ADBE Vector Graphic - Fill","hd":false},{"ty":"tr","p":{"a":0,"k":[0,0],"ix":2},"a":{"a":0,"k":[0,0],"ix":1},"s":{"a":0,"k":[100,100],"ix":3},"r":{"a":0,"k":0,"ix":6},"o":{"a":0,"k":100,"ix":7},"sk":{"a":0,"k":0,"ix":4},"sa":{"a":0,"k":0,"ix":5},"nm":"Transform"}],"nm":"c","np":3,"cix":2,"bm":0,"ix":11,"mn":"ADBE Vector Group","hd":false},{"ty":"gr","it":[{"ind":0,"ty":"sh","ix":1,"ks":{"a":0,"k":{"i":[[0,0],[0,0],[0,0],[-0.672,0.589],[-0.952,0],[-0.467,-0.514],[0,-1.123],[0,0],[0,0],[0,0],[0.242,0.728],[0.448,0.458],[0.616,0.224],[0.728,0],[0.793,-0.522],[0.354,-0.709],[0,0],[0,0]],"o":[[0,0],[0,0],[0,-1.16],[0.672,-0.589],[1.008,0],[0.466,0.514],[0,0],[0,0],[0,0],[0,-1.008],[-0.243,-0.728],[-0.448,-0.457],[-0.616,-0.224],[-1.214,0],[-0.794,0.523],[0,0],[0,0],[0,0]],"v":[[49.168,3.42],[52.556,3.42],[52.556,-5.224],[53.564,-7.848],[56,-8.732],[58.212,-7.96],[58.912,-5.505],[58.912,3.42],[62.3,3.42],[62.3,-5.792],[61.936,-8.396],[60.9,-10.174],[59.304,-11.196],[57.288,-11.532],[54.278,-10.748],[52.556,-8.9],[52.556,-18],[49.168,-18]],"c":true},"ix":2},"nm":"h","mn":"ADBE Vector Shape - Group","hd":false},{"ty":"fl","c":{"a":0,"k":[1,1,1,1],"ix":4},"o":{"a":0,"k":100,"ix":5},"r":1,"bm":0,"nm":"Fill 1","mn":"ADBE Vector Graphic - Fill","hd":false},{"ty":"tr","p":{"a":0,"k":[0,0],"ix":2},"a":{"a":0,"k":[0,0],"ix":1},"s":{"a":0,"k":[100,100],"ix":3},"r":{"a":0,"k":0,"ix":6},"o":{"a":0,"k":100,"ix":7},"sk":{"a":0,"k":0,"ix":4},"sa":{"a":0,"k":0,"ix":5},"nm":"Transform"}],"nm":"h","np":3,"cix":2,"bm":0,"ix":12,"mn":"ADBE Vector Group","hd":false},{"ty":"gr","it":[{"ind":0,"ty":"sh","ix":1,"ks":{"a":0,"k":{"i":[[-0.691,0.373],[-0.486,0.635],[0,0],[0,0],[0,0],[0.298,0.682],[0.532,0.42],[0.709,0.178],[0.821,0],[0.728,-0.186],[0.56,-0.392],[0.354,-0.606],[0.074,-0.858],[0,0],[-0.439,0.406],[-0.896,0],[-0.383,-0.489],[0,-0.997],[0,0],[0,0],[0.914,-0.168],[0.672,-0.364],[0.392,-0.588],[0,-0.858],[-0.262,-0.55],[-0.439,-0.345],[-0.598,-0.168],[-0.672,0]],"o":[[0.69,-0.373],[0,0],[0,0],[0,0],[0,-1.008],[-0.299,-0.681],[-0.532,-0.42],[-0.71,-0.177],[-0.822,0],[-0.728,0.187],[-0.56,0.392],[-0.355,0.607],[0,0],[0.093,-0.737],[0.438,-0.406],[1.008,0],[0.382,0.489],[0,0],[0,0],[-1.046,0],[-0.915,0.168],[-0.672,0.364],[-0.392,0.588],[0,0.766],[0.261,0.551],[0.438,0.346],[0.597,0.168],[1.12,0]],"v":[[72.296,3.14],[74.06,1.628],[74.06,3.42],[77.392,3.42],[77.392,-6.184],[76.944,-8.718],[75.698,-10.37],[73.836,-11.266],[71.54,-11.532],[69.216,-11.252],[67.284,-10.384],[65.912,-8.886],[65.268,-6.688],[68.544,-6.688],[69.342,-8.403],[71.344,-9.012],[73.43,-8.278],[74.004,-6.05],[74.004,-5.288],[72.184,-5.288],[69.244,-5.036],[66.864,-4.238],[65.268,-2.81],[64.68,-0.64],[65.072,1.334],[66.122,2.678],[67.676,3.448],[69.58,3.7]],"c":true},"ix":2},"nm":"a","mn":"ADBE Vector Shape - Group","hd":false},{"ind":1,"ty":"sh","ix":2,"ks":{"a":0,"k":{"i":[[0.364,0.374],[0,0.616],[-0.766,0.346],[-1.288,0],[0,0],[0,0],[0.681,-0.513],[1.045,0]],"o":[[-0.364,-0.373],[0,-0.896],[0.765,-0.345],[0,0],[0,0],[0,0.952],[-0.682,0.514],[-0.84,0]],"v":[[68.586,0.704],[68.04,-0.78],[69.188,-2.642],[72.268,-3.16],[74.004,-3.16],[74.004,-1.704],[72.982,0.494],[70.392,1.264]],"c":true},"ix":2},"nm":"a","mn":"ADBE Vector Shape - Group","hd":false},{"ty":"mm","mm":1,"nm":"Merge Paths 1","mn":"ADBE Vector Filter - Merge","hd":false},{"ty":"fl","c":{"a":0,"k":[1,1,1,1],"ix":4},"o":{"a":0,"k":100,"ix":5},"r":1,"bm":0,"nm":"Fill 1","mn":"ADBE Vector Graphic - Fill","hd":false},{"ty":"tr","p":{"a":0,"k":[0,0],"ix":2},"a":{"a":0,"k":[0,0],"ix":1},"s":{"a":0,"k":[100,100],"ix":3},"r":{"a":0,"k":0,"ix":6},"o":{"a":0,"k":100,"ix":7},"sk":{"a":0,"k":0,"ix":4},"sa":{"a":0,"k":0,"ix":5},"nm":"Transform"}],"nm":"a","np":5,"cix":2,"bm":0,"ix":13,"mn":"ADBE Vector Group","hd":false},{"ty":"gr","it":[{"ind":0,"ty":"sh","ix":1,"ks":{"a":0,"k":{"i":[[0,0],[0,0],[0,0],[-0.672,0.589],[-0.952,0],[-0.467,-0.514],[0,-1.123],[0,0],[0,0],[0,0],[0.242,0.728],[0.448,0.458],[0.616,0.224],[0.728,0],[0.793,-0.522],[0.354,-0.709],[0,0],[0,0]],"o":[[0,0],[0,0],[0,-1.16],[0.672,-0.589],[1.008,0],[0.466,0.514],[0,0],[0,0],[0,0],[0,-1.008],[-0.243,-0.728],[-0.448,-0.457],[-0.616,-0.224],[-1.214,0],[-0.794,0.523],[0,0],[0,0],[0,0]],"v":[[80.836,3.42],[84.224,3.42],[84.224,-5.224],[85.232,-7.848],[87.668,-8.732],[89.88,-7.96],[90.58,-5.505],[90.58,3.42],[93.968,3.42],[93.968,-5.792],[93.604,-8.396],[92.568,-10.174],[90.972,-11.196],[88.956,-11.532],[85.946,-10.748],[84.224,-8.9],[84.224,-11.224],[80.836,-11.224]],"c":true},"ix":2},"nm":"n","mn":"ADBE Vector Shape - Group","hd":false},{"ty":"fl","c":{"a":0,"k":[1,1,1,1],"ix":4},"o":{"a":0,"k":100,"ix":5},"r":1,"bm":0,"nm":"Fill 1","mn":"ADBE Vector Graphic - Fill","hd":false},{"ty":"tr","p":{"a":0,"k":[0,0],"ix":2},"a":{"a":0,"k":[0,0],"ix":1},"s":{"a":0,"k":[100,100],"ix":3},"r":{"a":0,"k":0,"ix":6},"o":{"a":0,"k":100,"ix":7},"sk":{"a":0,"k":0,"ix":4},"sa":{"a":0,"k":0,"ix":5},"nm":"Transform"}],"nm":"n","np":3,"cix":2,"bm":0,"ix":14,"mn":"ADBE Vector Group","hd":false},{"ty":"gr","it":[{"ind":0,"ty":"sh","ix":1,"ks":{"a":0,"k":{"i":[[-1.335,1.073],[-0.019,2.165],[0,0],[0,0],[0,0],[0.746,0.486],[1.213,0],[0.802,-0.364],[0.588,-0.644],[0.326,-0.877],[0,-1.026],[0,0],[-0.336,-0.858],[-0.579,-0.606],[-0.794,-0.326],[-0.915,0],[-0.486,0.15],[-0.42,0.252],[-0.318,0.327],[-0.206,0.355],[0,0],[0.7,-0.654],[1.325,0],[0.569,0.401],[0.149,0.728],[0,0],[-0.318,-0.588],[-0.57,-0.439],[-0.84,-0.243],[-1.158,0]],"o":[[1.334,-1.074],[0,0],[0,0],[0,0],[-0.43,-0.728],[-0.747,-0.485],[-0.952,0],[-0.803,0.364],[-0.588,0.644],[-0.327,0.878],[0,0],[0,1.064],[0.336,0.859],[0.578,0.607],[0.793,0.327],[0.541,0],[0.485,-0.149],[0.42,-0.252],[0.317,-0.326],[0,0],[0,1.325],[-0.7,0.653],[-1.12,0],[-0.57,-0.402],[0,0],[0.093,0.709],[0.317,0.588],[0.569,0.438],[0.84,0.242],[2.277,0]],"v":[[109.074,7.186],[111.104,2.328],[111.104,-11.224],[107.716,-11.224],[107.716,-8.984],[105.952,-10.804],[103.012,-11.532],[100.38,-10.986],[98.294,-9.474],[96.922,-7.192],[96.432,-4.336],[96.432,-4.14],[96.936,-1.256],[98.308,0.942],[100.366,2.342],[102.928,2.832],[104.468,2.608],[105.826,2.006],[106.932,1.138],[107.716,0.116],[107.716,2.272],[106.666,5.24],[103.628,6.22],[101.094,5.618],[100.016,3.924],[96.6,3.924],[97.216,5.87],[98.546,7.41],[100.66,8.432],[103.656,8.796]],"c":true},"ix":2},"nm":"g","mn":"ADBE Vector Shape - Group","hd":false},{"ind":1,"ty":"sh","ix":2,"ks":{"a":0,"k":{"i":[[0.476,0.206],[0.345,0.374],[0.196,0.551],[0,0.672],[0,0],[-0.691,0.822],[-1.27,0],[-0.7,-0.774],[0,-1.4],[0,0],[0.765,-0.793],[1.176,0]],"o":[[-0.476,-0.205],[-0.346,-0.373],[-0.196,-0.55],[0,0],[0,-1.344],[0.69,-0.821],[1.232,0],[0.7,0.775],[0,0],[0,1.4],[-0.766,0.794],[-0.542,0]],"v":[[102.242,-0.08],[101.01,-0.948],[100.198,-2.334],[99.904,-4.168],[99.904,-4.392],[100.94,-7.64],[103.88,-8.872],[106.778,-7.71],[107.828,-4.448],[107.828,-4.252],[106.68,-0.962],[103.768,0.228]],"c":true},"ix":2},"nm":"g","mn":"ADBE Vector Shape - Group","hd":false},{"ty":"mm","mm":1,"nm":"Merge Paths 1","mn":"ADBE Vector Filter - Merge","hd":false},{"ty":"fl","c":{"a":0,"k":[1,1,1,1],"ix":4},"o":{"a":0,"k":100,"ix":5},"r":1,"bm":0,"nm":"Fill 1","mn":"ADBE Vector Graphic - Fill","hd":false},{"ty":"tr","p":{"a":0,"k":[0,0],"ix":2},"a":{"a":0,"k":[0,0],"ix":1},"s":{"a":0,"k":[100,100],"ix":3},"r":{"a":0,"k":0,"ix":6},"o":{"a":0,"k":100,"ix":7},"sk":{"a":0,"k":0,"ix":4},"sa":{"a":0,"k":0,"ix":5},"nm":"Transform"}],"nm":"g","np":5,"cix":2,"bm":0,"ix":15,"mn":"ADBE Vector Group","hd":false},{"ty":"gr","it":[{"ind":0,"ty":"sh","ix":1,"ks":{"a":0,"k":{"i":[[-1.176,0.817],[-0.243,1.558],[0,0],[0.541,-0.397],[1.026,0],[0.681,0.752],[0.056,1.409],[0,0],[0,0],[0.382,0.93],[0.634,0.595],[0.83,0.279],[0.914,0],[0.886,-0.364],[0.653,-0.662],[0.364,-0.924],[0,-1.138],[0,0],[-0.364,-0.914],[-0.663,-0.644],[-0.906,-0.345],[-1.083,0]],"o":[[1.176,-0.817],[0,0],[-0.131,0.718],[-0.542,0.397],[-1.27,0],[-0.682,-0.752],[0,0],[0,0],[0,-1.302],[-0.383,-0.93],[-0.635,-0.595],[-0.831,-0.279],[-1.046,0],[-0.887,0.364],[-0.654,0.663],[-0.364,0.924],[0,0],[0,1.158],[0.364,0.915],[0.662,0.644],[0.905,0.345],[1.885,0]],"v":[[125.72,2.475],[127.848,-1.088],[124.572,-1.088],[123.564,0.585],[121.212,1.18],[118.286,0.053],[117.18,-3.188],[127.904,-3.188],[127.904,-4.165],[127.33,-7.514],[125.804,-9.802],[123.606,-11.113],[120.988,-11.532],[118.09,-10.986],[115.78,-9.446],[114.254,-7.066],[113.708,-3.972],[113.708,-3.748],[114.254,-0.64],[115.794,1.698],[118.146,3.182],[121.128,3.7]],"c":true},"ix":2},"nm":"e","mn":"ADBE Vector Shape - Group","hd":false},{"ind":1,"ty":"sh","ix":2,"ks":{"a":0,"k":{"i":[[0,0],[-0.654,0.644],[-1.027,0],[-0.607,-0.578],[-0.094,-1.269]],"o":[[0.168,-1.138],[0.653,-0.644],[1.064,0],[0.606,0.579],[0,0]],"v":[[117.236,-5.428],[118.468,-8.102],[120.988,-9.068],[123.494,-8.2],[124.544,-5.428]],"c":true},"ix":2},"nm":"e","mn":"ADBE Vector Shape - Group","hd":false},{"ty":"mm","mm":1,"nm":"Merge Paths 1","mn":"ADBE Vector Filter - Merge","hd":false},{"ty":"fl","c":{"a":0,"k":[1,1,1,1],"ix":4},"o":{"a":0,"k":100,"ix":5},"r":1,"bm":0,"nm":"Fill 1","mn":"ADBE Vector Graphic - Fill","hd":false},{"ty":"tr","p":{"a":0,"k":[0,0],"ix":2},"a":{"a":0,"k":[0,0],"ix":1},"s":{"a":0,"k":[100,100],"ix":3},"r":{"a":0,"k":0,"ix":6},"o":{"a":0,"k":100,"ix":7},"sk":{"a":0,"k":0,"ix":4},"sa":{"a":0,"k":0,"ix":5},"nm":"Transform"}],"nm":"e","np":5,"cix":2,"bm":0,"ix":16,"mn":"ADBE Vector Group","hd":false}],"ip":0,"op":131,"st":0,"bm":0},{"ddd":0,"ind":7,"ty":3,"nm":"Null 20","parent":1,"sr":1,"ks":{"o":{"a":0,"k":0,"ix":11},"r":{"a":0,"k":0,"ix":10},"p":{"a":1,"k":[{"i":{"x":0.833,"y":0.833},"o":{"x":0.167,"y":0.167},"t":71,"s":[-515.394,-128.303,0],"to":[33.232,0,0],"ti":[-33.232,0,0]},{"t":130,"s":[-316,-128.303,0]}],"ix":2,"l":2},"a":{"a":0,"k":[0,0,0],"ix":1,"l":2},"s":{"a":0,"k":[50,50,100],"ix":6,"l":2}},"ao":0,"ip":0,"op":131,"st":0,"bm":0},{"ddd":0,"ind":8,"ty":1,"nm":"Dark Gray Solid 2","parent":7,"td":1,"sr":1,"ks":{"o":{"a":0,"k":100,"ix":11},"r":{"a":0,"k":0,"ix":10},"p":{"a":0,"k":[60,24,0],"ix":2,"l":2},"a":{"a":0,"k":[1440,520,0],"ix":1,"l":2},"s":{"a":0,"k":[40.833,27.692,100],"ix":6,"l":2}},"ao":0,"sw":2880,"sh":1040,"sc":"#161616","ip":0,"op":131,"st":0,"bm":0},{"ddd":0,"ind":9,"ty":4,"nm":"Reinvent 2 Outlines","parent":7,"tt":1,"sr":1,"ks":{"o":{"a":0,"k":100,"ix":11},"r":{"a":0,"k":0,"ix":10},"p":{"a":1,"k":[{"i":{"x":0.08,"y":1},"o":{"x":0.6,"y":0},"t":0,"s":[-1450,18,0],"to":[250,0,0],"ti":[-250,0,0]},{"i":{"x":0.08,"y":0.08},"o":{"x":0.333,"y":0.333},"t":55,"s":[50,18,0],"to":[0,0,0],"ti":[0,0,0]},{"t":130,"s":[50,18,0]}],"ix":2,"l":2},"a":{"a":0,"k":[0,0,0],"ix":1,"l":2},"s":{"a":0,"k":[200,200,100],"ix":6,"l":2}},"ao":0,"shapes":[{"ty":"gr","it":[{"ind":0,"ty":"sh","ix":1,"ks":{"a":0,"k":{"i":[[0,0],[0,0],[0,0],[0,0],[0,0],[0,0],[0,0],[-2.16,1.281],[-1.601,1.841],[-0.881,2.481],[0,3.281],[0,0],[1.56,3.281],[2.88,2.16],[4.08,1.041],[5.04,0],[0,0]],"o":[[0,0],[0,0],[0,0],[0,0],[0,0],[0,0],[2.479,-0.72],[2.16,-1.279],[1.599,-1.839],[0.879,-2.479],[0,0],[0,-4.399],[-1.56,-3.279],[-2.88,-2.16],[-4.08,-1.039],[0,0],[0,0]],"v":[[-277.04,35.199],[-257.72,35.199],[-257.72,2.079],[-249.32,2.079],[-228.8,35.199],[-208.16,35.199],[-230.84,-1.281],[-223.88,-4.281],[-218.24,-8.961],[-214.52,-15.441],[-213.2,-24.081],[-213.2,-24.561],[-215.54,-36.081],[-222.2,-44.241],[-232.64,-49.041],[-246.32,-50.601],[-277.04,-50.601]],"c":true},"ix":2},"nm":"R","mn":"ADBE Vector Shape - Group","hd":false},{"ind":1,"ty":"sh","ix":2,"ks":{"a":0,"k":{"i":[[0,0],[0,0],[0,0],[-2.52,-1.719],[0,-4.399],[0,0],[2.439,-2.079],[4.879,0]],"o":[[0,0],[0,0],[4.719,0],[2.52,1.721],[0,0],[0,4.08],[-2.441,2.081],[0,0]],"v":[[-257.72,-11.121],[-257.72,-35.721],[-246.8,-35.721],[-235.94,-33.141],[-232.16,-23.961],[-232.16,-23.481],[-235.82,-14.241],[-246.8,-11.121]],"c":true},"ix":2},"nm":"R","mn":"ADBE Vector Shape - Group","hd":false},{"ty":"mm","mm":1,"nm":"Merge Paths 1","mn":"ADBE Vector Filter - Merge","hd":false},{"ty":"fl","c":{"a":0,"k":[1,1,1,1],"ix":4},"o":{"a":0,"k":100,"ix":5},"r":1,"bm":0,"nm":"Fill 1","mn":"ADBE Vector Graphic - Fill","hd":false},{"ty":"tr","p":{"a":0,"k":[-3.636,0],"ix":2},"a":{"a":0,"k":[0,0],"ix":1},"s":{"a":0,"k":[100,100],"ix":3},"r":{"a":0,"k":0,"ix":6},"o":{"a":0,"k":100,"ix":7},"sk":{"a":0,"k":0,"ix":4},"sa":{"a":0,"k":0,"ix":5},"nm":"Transform"}],"nm":"R","np":5,"cix":2,"bm":0,"ix":1,"mn":"ADBE Vector Group","hd":false},{"ty":"gr","it":[{"ind":0,"ty":"sh","ix":1,"ks":{"a":0,"k":{"i":[[0,0],[0,0],[0,0],[0,0],[0,0],[0,0],[0,0],[0,0],[0,0],[0,0],[0,0],[0,0]],"o":[[0,0],[0,0],[0,0],[0,0],[0,0],[0,0],[0,0],[0,0],[0,0],[0,0],[0,0],[0,0]],"v":[[-199.76,35.199],[-141.92,35.199],[-141.92,20.079],[-180.44,20.079],[-180.44,-1.281],[-151.16,-1.281],[-151.16,-15.441],[-180.44,-15.441],[-180.44,-35.481],[-143.84,-35.481],[-143.84,-50.601],[-199.76,-50.601]],"c":true},"ix":2},"nm":"E","mn":"ADBE Vector Shape - Group","hd":false},{"ty":"fl","c":{"a":0,"k":[1,1,1,1],"ix":4},"o":{"a":0,"k":100,"ix":5},"r":1,"bm":0,"nm":"Fill 1","mn":"ADBE Vector Graphic - Fill","hd":false},{"ty":"tr","p":{"a":0,"k":[-3.03,0],"ix":2},"a":{"a":0,"k":[0,0],"ix":1},"s":{"a":0,"k":[100,100],"ix":3},"r":{"a":0,"k":0,"ix":6},"o":{"a":0,"k":100,"ix":7},"sk":{"a":0,"k":0,"ix":4},"sa":{"a":0,"k":0,"ix":5},"nm":"Transform"}],"nm":"E","np":3,"cix":2,"bm":0,"ix":2,"mn":"ADBE Vector Group","hd":false},{"ty":"gr","it":[{"ind":0,"ty":"sh","ix":1,"ks":{"a":0,"k":{"i":[[0,0],[0,0],[0,0],[0,0]],"o":[[0,0],[0,0],[0,0],[0,0]],"v":[[-131.24,35.199],[-111.68,35.199],[-111.68,-50.601],[-131.24,-50.601]],"c":true},"ix":2},"nm":"I","mn":"ADBE Vector Shape - Group","hd":false},{"ty":"fl","c":{"a":0,"k":[1,1,1,1],"ix":4},"o":{"a":0,"k":100,"ix":5},"r":1,"bm":0,"nm":"Fill 1","mn":"ADBE Vector Graphic - Fill","hd":false},{"ty":"tr","p":{"a":0,"k":[-1.818,0],"ix":2},"a":{"a":0,"k":[0,0],"ix":1},"s":{"a":0,"k":[100,100],"ix":3},"r":{"a":0,"k":0,"ix":6},"o":{"a":0,"k":100,"ix":7},"sk":{"a":0,"k":0,"ix":4},"sa":{"a":0,"k":0,"ix":5},"nm":"Transform"}],"nm":"I","np":3,"cix":2,"bm":0,"ix":3,"mn":"ADBE Vector Group","hd":false},{"ty":"gr","it":[{"ind":0,"ty":"sh","ix":1,"ks":{"a":0,"k":{"i":[[0,0],[0,0],[0,0],[0,0],[0,0],[0,0],[0,0],[0,0],[0,0],[0,0]],"o":[[0,0],[0,0],[0,0],[0,0],[0,0],[0,0],[0,0],[0,0],[0,0],[0,0]],"v":[[-96.08,35.199],[-78.8,35.199],[-78.8,-25.881],[-43.04,35.199],[-23.6,35.199],[-23.6,-50.601],[-40.88,-50.601],[-40.88,5.919],[-73.52,-50.601],[-96.08,-50.601]],"c":true},"ix":2},"nm":"N","mn":"ADBE Vector Shape - Group","hd":false},{"ty":"fl","c":{"a":0,"k":[1,1,1,1],"ix":4},"o":{"a":0,"k":100,"ix":5},"r":1,"bm":0,"nm":"Fill 1","mn":"ADBE Vector Graphic - Fill","hd":false},{"ty":"tr","p":{"a":0,"k":[-1.818,0],"ix":2},"a":{"a":0,"k":[0,0],"ix":1},"s":{"a":0,"k":[100,100],"ix":3},"r":{"a":0,"k":0,"ix":6},"o":{"a":0,"k":100,"ix":7},"sk":{"a":0,"k":0,"ix":4},"sa":{"a":0,"k":0,"ix":5},"nm":"Transform"}],"nm":"N","np":3,"cix":2,"bm":0,"ix":4,"mn":"ADBE Vector Group","hd":false},{"ty":"gr","it":[{"ind":0,"ty":"sh","ix":1,"ks":{"a":0,"k":{"i":[[0,0],[0,0],[0,0],[0,0],[0,0],[0,0],[0,0]],"o":[[0,0],[0,0],[0,0],[0,0],[0,0],[0,0],[0,0]],"v":[[13.24,35.199],[35.56,35.199],[64.12,-50.601],[45.88,-50.601],[25.48,15.279],[5.08,-50.601],[-15.44,-50.601]],"c":true},"ix":2},"nm":"V","mn":"ADBE Vector Shape - Group","hd":false},{"ty":"fl","c":{"a":0,"k":[1,1,1,1],"ix":4},"o":{"a":0,"k":100,"ix":5},"r":1,"bm":0,"nm":"Fill 1","mn":"ADBE Vector Graphic - Fill","hd":false},{"ty":"tr","p":{"a":0,"k":[-0.606,0],"ix":2},"a":{"a":0,"k":[0,0],"ix":1},"s":{"a":0,"k":[100,100],"ix":3},"r":{"a":0,"k":0,"ix":6},"o":{"a":0,"k":100,"ix":7},"sk":{"a":0,"k":0,"ix":4},"sa":{"a":0,"k":0,"ix":5},"nm":"Transform"}],"nm":"V","np":3,"cix":2,"bm":0,"ix":5,"mn":"ADBE Vector Group","hd":false},{"ty":"gr","it":[{"ind":0,"ty":"sh","ix":1,"ks":{"a":0,"k":{"i":[[0,0],[0,0],[0,0],[0,0],[0,0],[0,0],[0,0],[0,0],[0,0],[0,0],[0,0],[0,0]],"o":[[0,0],[0,0],[0,0],[0,0],[0,0],[0,0],[0,0],[0,0],[0,0],[0,0],[0,0],[0,0]],"v":[[72.28,35.199],[130.12,35.199],[130.12,20.079],[91.6,20.079],[91.6,-1.281],[120.88,-1.281],[120.88,-15.441],[91.6,-15.441],[91.6,-35.481],[128.2,-35.481],[128.2,-50.601],[72.28,-50.601]],"c":true},"ix":2},"nm":"E","mn":"ADBE Vector Shape - Group","hd":false},{"ty":"fl","c":{"a":0,"k":[1,1,1,1],"ix":4},"o":{"a":0,"k":100,"ix":5},"r":1,"bm":0,"nm":"Fill 1","mn":"ADBE Vector Graphic - Fill","hd":false},{"ty":"tr","p":{"a":0,"k":[0,0],"ix":2},"a":{"a":0,"k":[0,0],"ix":1},"s":{"a":0,"k":[100,100],"ix":3},"r":{"a":0,"k":0,"ix":6},"o":{"a":0,"k":100,"ix":7},"sk":{"a":0,"k":0,"ix":4},"sa":{"a":0,"k":0,"ix":5},"nm":"Transform"}],"nm":"E","np":3,"cix":2,"bm":0,"ix":6,"mn":"ADBE Vector Group","hd":false},{"ty":"gr","it":[{"ind":0,"ty":"sh","ix":1,"ks":{"a":0,"k":{"i":[[0,0],[0,0],[0,0],[0,0],[0,0],[0,0],[0,0],[0,0],[0,0],[0,0]],"o":[[0,0],[0,0],[0,0],[0,0],[0,0],[0,0],[0,0],[0,0],[0,0],[0,0]],"v":[[140.32,35.199],[157.6,35.199],[157.6,-25.881],[193.36,35.199],[212.8,35.199],[212.8,-50.601],[195.52,-50.601],[195.52,5.919],[162.88,-50.601],[140.32,-50.601]],"c":true},"ix":2},"nm":"N","mn":"ADBE Vector Shape - Group","hd":false},{"ty":"fl","c":{"a":0,"k":[1,1,1,1],"ix":4},"o":{"a":0,"k":100,"ix":5},"r":1,"bm":0,"nm":"Fill 1","mn":"ADBE Vector Graphic - Fill","hd":false},{"ty":"tr","p":{"a":0,"k":[0.606,0],"ix":2},"a":{"a":0,"k":[0,0],"ix":1},"s":{"a":0,"k":[100,100],"ix":3},"r":{"a":0,"k":0,"ix":6},"o":{"a":0,"k":100,"ix":7},"sk":{"a":0,"k":0,"ix":4},"sa":{"a":0,"k":0,"ix":5},"nm":"Transform"}],"nm":"N","np":3,"cix":2,"bm":0,"ix":7,"mn":"ADBE Vector Group","hd":false},{"ty":"gr","it":[{"ind":0,"ty":"sh","ix":1,"ks":{"a":0,"k":{"i":[[0,0],[0,0],[0,0],[0,0],[0,0],[0,0],[0,0],[0,0]],"o":[[0,0],[0,0],[0,0],[0,0],[0,0],[0,0],[0,0],[0,0]],"v":[[244.72,35.199],[264.28,35.199],[264.28,-35.481],[287.44,-35.481],[287.44,-50.601],[221.56,-50.601],[221.56,-35.481],[244.72,-35.481]],"c":true},"ix":2},"nm":"T","mn":"ADBE Vector Shape - Group","hd":false},{"ty":"fl","c":{"a":0,"k":[1,1,1,1],"ix":4},"o":{"a":0,"k":100,"ix":5},"r":1,"bm":0,"nm":"Fill 1","mn":"ADBE Vector Graphic - Fill","hd":false},{"ty":"tr","p":{"a":0,"k":[1.212,0],"ix":2},"a":{"a":0,"k":[0,0],"ix":1},"s":{"a":0,"k":[100,100],"ix":3},"r":{"a":0,"k":0,"ix":6},"o":{"a":0,"k":100,"ix":7},"sk":{"a":0,"k":0,"ix":4},"sa":{"a":0,"k":0,"ix":5},"nm":"Transform"}],"nm":"T","np":3,"cix":2,"bm":0,"ix":8,"mn":"ADBE Vector Group","hd":false}],"ip":0,"op":131,"st":0,"bm":0},{"ddd":0,"ind":10,"ty":3,"nm":"Null 20","parent":1,"sr":1,"ks":{"o":{"a":0,"k":0,"ix":11},"r":{"a":0,"k":0,"ix":10},"p":{"a":1,"k":[{"i":{"x":0.833,"y":0.833},"o":{"x":0.167,"y":0.167},"t":71,"s":[47.879,-126.303,0],"to":[33.232,0,0],"ti":[-33.232,0,0]},{"t":130,"s":[247.273,-126.303,0]}],"ix":2,"l":2},"a":{"a":0,"k":[0,0,0],"ix":1,"l":2},"s":{"a":0,"k":[50,50,100],"ix":6,"l":2}},"ao":0,"ip":0,"op":131,"st":0,"bm":0},{"ddd":0,"ind":11,"ty":1,"nm":"Dark Gray Solid 2","parent":10,"td":1,"sr":1,"ks":{"o":{"a":0,"k":100,"ix":11},"r":{"a":0,"k":0,"ix":10},"p":{"a":0,"k":[-44,20,0],"ix":2,"l":2},"a":{"a":0,"k":[1440,520,0],"ix":1,"l":2},"s":{"a":0,"k":[25.278,27.692,100],"ix":6,"l":2}},"ao":0,"sw":2880,"sh":1040,"sc":"#161616","ip":0,"op":131,"st":0,"bm":0},{"ddd":0,"ind":12,"ty":4,"nm":"what Outlines","parent":10,"tt":1,"sr":1,"ks":{"o":{"a":0,"k":100,"ix":11},"r":{"a":0,"k":0,"ix":10},"p":{"a":1,"k":[{"i":{"x":0.08,"y":1},"o":{"x":0.6,"y":0},"t":0,"s":[-841,14,0],"to":[133.333,0,0],"ti":[-133.333,0,0]},{"t":55,"s":[-41,14,0]}],"ix":2,"l":2},"a":{"a":0,"k":[0,0,0],"ix":1,"l":2},"s":{"a":0,"k":[200,200,100],"ix":6,"l":2}},"ao":0,"shapes":[{"ty":"gr","it":[{"ind":0,"ty":"sh","ix":1,"ks":{"a":0,"k":{"i":[[0,0],[0,0],[0,0],[0,0],[0,0],[0,0],[0,0],[0,0],[0,0],[0,0],[0,0],[0,0],[0,0]],"o":[[0,0],[0,0],[0,0],[0,0],[0,0],[0,0],[0,0],[0,0],[0,0],[0,0],[0,0],[0,0],[0,0]],"v":[[-150.88,35.199],[-132.16,35.199],[-116.44,-24.081],[-100.96,35.199],[-81.16,35.199],[-60.28,-50.601],[-78.28,-50.601],[-92.2,9.039],[-107.44,-50.601],[-124,-50.601],[-138.64,8.679],[-152.08,-50.601],[-171.76,-50.601]],"c":true},"ix":2},"nm":"W","mn":"ADBE Vector Shape - Group","hd":false},{"ty":"fl","c":{"a":0,"k":[1,1,1,1],"ix":4},"o":{"a":0,"k":100,"ix":5},"r":1,"bm":0,"nm":"Fill 1","mn":"ADBE Vector Graphic - Fill","hd":false},{"ty":"tr","p":{"a":0,"k":[0,0],"ix":2},"a":{"a":0,"k":[0,0],"ix":1},"s":{"a":0,"k":[100,100],"ix":3},"r":{"a":0,"k":0,"ix":6},"o":{"a":0,"k":100,"ix":7},"sk":{"a":0,"k":0,"ix":4},"sa":{"a":0,"k":0,"ix":5},"nm":"Transform"}],"nm":"W","np":3,"cix":2,"bm":0,"ix":1,"mn":"ADBE Vector Group","hd":false},{"ty":"gr","it":[{"ind":0,"ty":"sh","ix":1,"ks":{"a":0,"k":{"i":[[0,0],[0,0],[0,0],[0,0],[0,0],[0,0],[0,0],[0,0],[0,0],[0,0],[0,0],[0,0]],"o":[[0,0],[0,0],[0,0],[0,0],[0,0],[0,0],[0,0],[0,0],[0,0],[0,0],[0,0],[0,0]],"v":[[-51.88,35.199],[-32.44,35.199],[-32.44,-0.201],[2,-0.201],[2,35.199],[21.44,35.199],[21.44,-50.601],[2,-50.601],[2,-15.561],[-32.44,-15.561],[-32.44,-50.601],[-51.88,-50.601]],"c":true},"ix":2},"nm":"H","mn":"ADBE Vector Shape - Group","hd":false},{"ty":"fl","c":{"a":0,"k":[1,1,1,1],"ix":4},"o":{"a":0,"k":100,"ix":5},"r":1,"bm":0,"nm":"Fill 1","mn":"ADBE Vector Graphic - Fill","hd":false},{"ty":"tr","p":{"a":0,"k":[1.212,0],"ix":2},"a":{"a":0,"k":[0,0],"ix":1},"s":{"a":0,"k":[100,100],"ix":3},"r":{"a":0,"k":0,"ix":6},"o":{"a":0,"k":100,"ix":7},"sk":{"a":0,"k":0,"ix":4},"sa":{"a":0,"k":0,"ix":5},"nm":"Transform"}],"nm":"H","np":3,"cix":2,"bm":0,"ix":2,"mn":"ADBE Vector Group","hd":false},{"ty":"gr","it":[{"ind":0,"ty":"sh","ix":1,"ks":{"a":0,"k":{"i":[[0,0],[0,0],[0,0],[0,0],[0,0],[0,0],[0,0],[0,0]],"o":[[0,0],[0,0],[0,0],[0,0],[0,0],[0,0],[0,0],[0,0]],"v":[[29.72,35.199],[47.96,35.199],[53.84,16.119],[84.92,16.119],[90.8,35.199],[111.08,35.199],[83.24,-50.601],[57.92,-50.601]],"c":true},"ix":2},"nm":"A","mn":"ADBE Vector Shape - Group","hd":false},{"ind":1,"ty":"sh","ix":2,"ks":{"a":0,"k":{"i":[[0,0],[0,0],[0,0]],"o":[[0,0],[0,0],[0,0]],"v":[[69.44,-34.761],[80.72,2.319],[58.04,2.319]],"c":true},"ix":2},"nm":"A","mn":"ADBE Vector Shape - Group","hd":false},{"ty":"mm","mm":1,"nm":"Merge Paths 1","mn":"ADBE Vector Filter - Merge","hd":false},{"ty":"fl","c":{"a":0,"k":[1,1,1,1],"ix":4},"o":{"a":0,"k":100,"ix":5},"r":1,"bm":0,"nm":"Fill 1","mn":"ADBE Vector Graphic - Fill","hd":false},{"ty":"tr","p":{"a":0,"k":[1.818,0],"ix":2},"a":{"a":0,"k":[0,0],"ix":1},"s":{"a":0,"k":[100,100],"ix":3},"r":{"a":0,"k":0,"ix":6},"o":{"a":0,"k":100,"ix":7},"sk":{"a":0,"k":0,"ix":4},"sa":{"a":0,"k":0,"ix":5},"nm":"Transform"}],"nm":"A","np":5,"cix":2,"bm":0,"ix":3,"mn":"ADBE Vector Group","hd":false},{"ty":"gr","it":[{"ind":0,"ty":"sh","ix":1,"ks":{"a":0,"k":{"i":[[0,0],[0,0],[0,0],[0,0],[0,0],[0,0],[0,0],[0,0]],"o":[[0,0],[0,0],[0,0],[0,0],[0,0],[0,0],[0,0],[0,0]],"v":[[127.88,35.199],[147.44,35.199],[147.44,-35.481],[170.6,-35.481],[170.6,-50.601],[104.72,-50.601],[104.72,-35.481],[127.88,-35.481]],"c":true},"ix":2},"nm":"T","mn":"ADBE Vector Shape - Group","hd":false},{"ty":"fl","c":{"a":0,"k":[1,1,1,1],"ix":4},"o":{"a":0,"k":100,"ix":5},"r":1,"bm":0,"nm":"Fill 1","mn":"ADBE Vector Graphic - Fill","hd":false},{"ty":"tr","p":{"a":0,"k":[2.424,0],"ix":2},"a":{"a":0,"k":[0,0],"ix":1},"s":{"a":0,"k":[100,100],"ix":3},"r":{"a":0,"k":0,"ix":6},"o":{"a":0,"k":100,"ix":7},"sk":{"a":0,"k":0,"ix":4},"sa":{"a":0,"k":0,"ix":5},"nm":"Transform"}],"nm":"T","np":3,"cix":2,"bm":0,"ix":4,"mn":"ADBE Vector Group","hd":false}],"ip":0,"op":131,"st":0,"bm":0},{"ddd":0,"ind":13,"ty":3,"nm":"Null 20","parent":1,"sr":1,"ks":{"o":{"a":0,"k":0,"ix":11},"r":{"a":0,"k":0,"ix":10},"p":{"a":1,"k":[{"i":{"x":0.833,"y":0.833},"o":{"x":0.167,"y":0.167},"t":71,"s":[56.364,-126.303,0],"to":[33.283,0,0],"ti":[-33.283,0,0]},{"t":130,"s":[256.061,-126.303,0]}],"ix":2,"l":2},"a":{"a":0,"k":[0,0,0],"ix":1,"l":2},"s":{"a":0,"k":[50,50,100],"ix":6,"l":2}},"ao":0,"ip":0,"op":131,"st":0,"bm":0},{"ddd":0,"ind":14,"ty":1,"nm":"Dark Gray Solid 2","parent":13,"td":1,"sr":1,"ks":{"o":{"a":0,"k":100,"ix":11},"r":{"a":0,"k":0,"ix":10},"p":{"a":0,"k":[710.545,20,0],"ix":2,"l":2},"a":{"a":0,"k":[1440,520,0],"ix":1,"l":2},"s":{"a":0,"k":[23.333,27.692,100],"ix":6,"l":2}},"ao":0,"sw":2880,"sh":1040,"sc":"#161616","ip":0,"op":131,"st":0,"bm":0},{"ddd":0,"ind":15,"ty":4,"nm":"Your 2 Outlines","parent":13,"tt":1,"sr":1,"ks":{"o":{"a":0,"k":100,"ix":11},"r":{"a":0,"k":0,"ix":10},"p":{"a":1,"k":[{"i":{"x":0.08,"y":1},"o":{"x":0.6,"y":0},"t":0,"s":[-86,14,0],"to":[132.667,0,0],"ti":[-132.667,0,0]},{"t":55,"s":[710,14,0]}],"ix":2,"l":2},"a":{"a":0,"k":[0,0,0],"ix":1,"l":2},"s":{"a":0,"k":[200,200,100],"ix":6,"l":2}},"ao":0,"shapes":[{"ty":"gr","it":[{"ind":0,"ty":"sh","ix":1,"ks":{"a":0,"k":{"i":[[0,0],[0,0],[0,0],[0,0],[0,0],[0,0],[0,0],[0,0],[0,0]],"o":[[0,0],[0,0],[0,0],[0,0],[0,0],[0,0],[0,0],[0,0],[0,0]],"v":[[-134.4,35.199],[-114.84,35.199],[-114.84,-1.761],[-88.08,-50.601],[-106.92,-50.601],[-123.96,-17.721],[-141.36,-50.601],[-162.72,-50.601],[-134.4,-1.761]],"c":true},"ix":2},"nm":"Y","mn":"ADBE Vector Shape - Group","hd":false},{"ty":"fl","c":{"a":0,"k":[1,1,1,1],"ix":4},"o":{"a":0,"k":100,"ix":5},"r":1,"bm":0,"nm":"Fill 1","mn":"ADBE Vector Graphic - Fill","hd":false},{"ty":"tr","p":{"a":0,"k":[0.606,0],"ix":2},"a":{"a":0,"k":[0,0],"ix":1},"s":{"a":0,"k":[100,100],"ix":3},"r":{"a":0,"k":0,"ix":6},"o":{"a":0,"k":100,"ix":7},"sk":{"a":0,"k":0,"ix":4},"sa":{"a":0,"k":0,"ix":5},"nm":"Transform"}],"nm":"Y","np":3,"cix":2,"bm":0,"ix":1,"mn":"ADBE Vector Group","hd":false},{"ty":"gr","it":[{"ind":0,"ty":"sh","ix":1,"ks":{"a":0,"k":{"i":[[2.959,1.32],[2.079,2.481],[1.2,3.48],[0,4.401],[0,0],[-1.08,3.48],[-2.081,2.481],[-2.921,1.32],[-3.761,0],[-2.961,-1.359],[-2.081,-2.479],[-1.08,-3.439],[0,-4.159],[0,0],[1.119,-3.519],[1.999,-2.4],[2.919,-1.359],[3.6,0]],"o":[[-2.961,-1.32],[-2.16,-2.4],[-1.2,-3.48],[0,0],[0,-4.32],[1.08,-3.48],[2.079,-2.4],[2.919,-1.32],[3.759,0],[2.959,1.361],[1.999,2.481],[1.08,3.441],[0,0],[0,4.32],[-1.121,3.521],[-2.081,2.481],[-2.921,1.361],[-3.521,0]],"v":[[-57,19.059],[-64.56,13.359],[-69.6,4.539],[-71.4,-7.281],[-71.4,-8.241],[-69.78,-19.941],[-65.04,-28.881],[-57.54,-34.461],[-47.52,-36.441],[-37.44,-34.401],[-29.88,-28.641],[-25.26,-19.761],[-23.64,-8.361],[-23.64,-7.401],[-25.32,4.359],[-30,13.239],[-37.5,18.999],[-47.28,21.039]],"c":true},"ix":2},"nm":"O","mn":"ADBE Vector Shape - Group","hd":false},{"ind":1,"ty":"sh","ix":2,"ks":{"a":0,"k":{"i":[[-5.441,2.199],[-3.84,3.921],[-2.121,5.4],[0,6.401],[0,0],[2.199,5.28],[3.84,3.84],[5.4,2.081],[6.48,0],[5.359,-2.16],[3.919,-3.84],[2.199,-5.359],[0,-6.399],[0,0],[-2.081,-5.359],[-3.84,-3.84],[-5.441,-2.199],[-6.72,0]],"o":[[5.439,-2.199],[3.84,-3.919],[2.119,-5.4],[0,0],[0,-6.48],[-2.201,-5.28],[-3.921,-3.759],[-5.4,-2.079],[-6.401,0],[-5.361,2.16],[-4.001,3.84],[-2.201,5.361],[0,0],[0,6.24],[2.079,5.361],[3.759,3.921],[5.439,2.199],[6.72,0]],"v":[[-29.4,33.219],[-15.48,24.039],[-6.54,10.059],[-3.36,-7.641],[-3.36,-8.601],[-6.66,-26.241],[-15.72,-39.921],[-29.7,-48.681],[-47.52,-51.801],[-65.16,-48.561],[-79.08,-39.561],[-88.38,-25.761],[-91.68,-8.121],[-91.68,-7.161],[-88.56,10.239],[-79.68,24.039],[-65.88,33.219],[-47.64,36.519]],"c":true},"ix":2},"nm":"O","mn":"ADBE Vector Shape - Group","hd":false},{"ty":"mm","mm":1,"nm":"Merge Paths 1","mn":"ADBE Vector Filter - Merge","hd":false},{"ty":"fl","c":{"a":0,"k":[1,1,1,1],"ix":4},"o":{"a":0,"k":100,"ix":5},"r":1,"bm":0,"nm":"Fill 1","mn":"ADBE Vector Graphic - Fill","hd":false},{"ty":"tr","p":{"a":0,"k":[1.212,0],"ix":2},"a":{"a":0,"k":[0,0],"ix":1},"s":{"a":0,"k":[100,100],"ix":3},"r":{"a":0,"k":0,"ix":6},"o":{"a":0,"k":100,"ix":7},"sk":{"a":0,"k":0,"ix":4},"sa":{"a":0,"k":0,"ix":5},"nm":"Transform"}],"nm":"O","np":5,"cix":2,"bm":0,"ix":2,"mn":"ADBE Vector Group","hd":false},{"ty":"gr","it":[{"ind":0,"ty":"sh","ix":1,"ks":{"a":0,"k":{"i":[[-6.24,5.961],[0,11.76],[0,0],[0,0],[0,0],[2.64,-3.159],[5.76,0],[2.359,3.24],[0,7.2],[0,0],[0,0],[0,0],[-6.12,-5.88],[-11.361,0]],"o":[[6.24,-5.959],[0,0],[0,0],[0,0],[0,7.841],[-2.64,3.161],[-5.921,0],[-2.361,-3.24],[0,0],[0,0],[0,0],[0,11.441],[6.12,5.88],[11.679,0]],"v":[[68.88,27.579],[78.24,0.999],[78.24,-50.601],[58.68,-50.601],[58.68,-0.201],[54.72,16.299],[42.12,21.039],[29.7,16.179],[26.16,0.519],[26.16,-50.601],[6.6,-50.601],[6.6,1.719],[15.78,27.699],[42,36.519]],"c":true},"ix":2},"nm":"U","mn":"ADBE Vector Shape - Group","hd":false},{"ty":"fl","c":{"a":0,"k":[1,1,1,1],"ix":4},"o":{"a":0,"k":100,"ix":5},"r":1,"bm":0,"nm":"Fill 1","mn":"ADBE Vector Graphic - Fill","hd":false},{"ty":"tr","p":{"a":0,"k":[1.818,0],"ix":2},"a":{"a":0,"k":[0,0],"ix":1},"s":{"a":0,"k":[100,100],"ix":3},"r":{"a":0,"k":0,"ix":6},"o":{"a":0,"k":100,"ix":7},"sk":{"a":0,"k":0,"ix":4},"sa":{"a":0,"k":0,"ix":5},"nm":"Transform"}],"nm":"U","np":3,"cix":2,"bm":0,"ix":3,"mn":"ADBE Vector Group","hd":false},{"ty":"gr","it":[{"ind":0,"ty":"sh","ix":1,"ks":{"a":0,"k":{"i":[[0,0],[0,0],[0,0],[0,0],[0,0],[0,0],[0,0],[-2.16,1.281],[-1.601,1.841],[-0.881,2.481],[0,3.281],[0,0],[1.56,3.281],[2.88,2.16],[4.08,1.041],[5.04,0],[0,0]],"o":[[0,0],[0,0],[0,0],[0,0],[0,0],[0,0],[2.479,-0.72],[2.16,-1.279],[1.599,-1.839],[0.879,-2.479],[0,0],[0,-4.399],[-1.56,-3.279],[-2.88,-2.16],[-4.08,-1.039],[0,0],[0,0]],"v":[[92.64,35.199],[111.96,35.199],[111.96,2.079],[120.36,2.079],[140.88,35.199],[161.52,35.199],[138.84,-1.281],[145.8,-4.281],[151.44,-8.961],[155.16,-15.441],[156.48,-24.081],[156.48,-24.561],[154.14,-36.081],[147.48,-44.241],[137.04,-49.041],[123.36,-50.601],[92.64,-50.601]],"c":true},"ix":2},"nm":"R","mn":"ADBE Vector Shape - Group","hd":false},{"ind":1,"ty":"sh","ix":2,"ks":{"a":0,"k":{"i":[[0,0],[0,0],[0,0],[-2.52,-1.719],[0,-4.399],[0,0],[2.439,-2.079],[4.879,0]],"o":[[0,0],[0,0],[4.719,0],[2.52,1.721],[0,0],[0,4.08],[-2.441,2.081],[0,0]],"v":[[111.96,-11.121],[111.96,-35.721],[122.88,-35.721],[133.74,-33.141],[137.52,-23.961],[137.52,-23.481],[133.86,-14.241],[122.88,-11.121]],"c":true},"ix":2},"nm":"R","mn":"ADBE Vector Shape - Group","hd":false},{"ty":"mm","mm":1,"nm":"Merge Paths 1","mn":"ADBE Vector Filter - Merge","hd":false},{"ty":"fl","c":{"a":0,"k":[1,1,1,1],"ix":4},"o":{"a":0,"k":100,"ix":5},"r":1,"bm":0,"nm":"Fill 1","mn":"ADBE Vector Graphic - Fill","hd":false},{"ty":"tr","p":{"a":0,"k":[3.03,0],"ix":2},"a":{"a":0,"k":[0,0],"ix":1},"s":{"a":0,"k":[100,100],"ix":3},"r":{"a":0,"k":0,"ix":6},"o":{"a":0,"k":100,"ix":7},"sk":{"a":0,"k":0,"ix":4},"sa":{"a":0,"k":0,"ix":5},"nm":"Transform"}],"nm":"R","np":5,"cix":2,"bm":0,"ix":4,"mn":"ADBE Vector Group","hd":false}],"ip":0,"op":131,"st":0,"bm":0},{"ddd":0,"ind":16,"ty":3,"nm":"Null 20","parent":1,"sr":1,"ks":{"o":{"a":0,"k":0,"ix":11},"r":{"a":0,"k":0,"ix":10},"p":{"a":1,"k":[{"i":{"x":0.833,"y":0.833},"o":{"x":0.167,"y":0.167},"t":71,"s":[-168,-13.152,0],"to":[-55.232,0,0],"ti":[55.232,0,0]},{"t":130,"s":[-499.394,-13.152,0]}],"ix":2,"l":2},"a":{"a":0,"k":[0,0,0],"ix":1,"l":2},"s":{"a":0,"k":[50,50,100],"ix":6,"l":2}},"ao":0,"ip":0,"op":131,"st":0,"bm":0},{"ddd":0,"ind":17,"ty":1,"nm":"Dark Gray Solid 2","parent":16,"td":1,"sr":1,"ks":{"o":{"a":0,"k":100,"ix":11},"r":{"a":0,"k":0,"ix":10},"p":{"a":0,"k":[8,-8,0],"ix":2,"l":2},"a":{"a":0,"k":[1440,520,0],"ix":1,"l":2},"s":{"a":0,"k":[40.556,27.692,100],"ix":6,"l":2}},"ao":0,"sw":2880,"sh":1040,"sc":"#161616","ip":0,"op":131,"st":0,"bm":0},{"ddd":0,"ind":18,"ty":4,"nm":"Business 2 Outlines","parent":16,"tt":1,"sr":1,"ks":{"o":{"a":0,"k":100,"ix":11},"r":{"a":0,"k":0,"ix":10},"p":{"a":1,"k":[{"i":{"x":0.08,"y":1},"o":{"x":0.6,"y":0},"t":0,"s":[-438.861,8,0],"to":[196.222,0,0],"ti":[-196.222,0,0]},{"t":55,"s":[738.472,8,0]}],"ix":2,"l":2},"a":{"a":0,"k":[0,0,0],"ix":1,"l":2},"s":{"a":0,"k":[200,200,100],"ix":6,"l":2}},"ao":0,"shapes":[{"ty":"gr","it":[{"ind":0,"ty":"sh","ix":1,"ks":{"a":0,"k":{"i":[[0,0],[0,0],[-5.04,4.041],[0,7.92],[0,0],[2.919,3.281],[5.599,1.121],[-2.241,3.161],[0,4.56],[0,0],[4.759,3.761],[9.439,0],[0,0]],"o":[[0,0],[9.999,0],[5.04,-4.039],[0,0],[0,-5.76],[-2.921,-3.279],[4.8,-1.359],[2.239,-3.159],[0,0],[0,-7.359],[-4.761,-3.759],[0,0],[0,0]],"v":[[-644.276,35.199],[-608.996,35.199],[-586.436,29.139],[-578.876,11.199],[-578.876,10.719],[-583.256,-2.841],[-596.036,-9.441],[-585.476,-16.221],[-582.116,-27.801],[-582.116,-28.281],[-589.256,-44.961],[-610.556,-50.601],[-644.276,-50.601]],"c":true},"ix":2},"nm":"B","mn":"ADBE Vector Shape - Group","hd":false},{"ind":1,"ty":"sh","ix":2,"ks":{"a":0,"k":{"i":[[0,0],[0,0],[0,0],[-2.321,-1.999],[0,-3.999],[0,0],[2.239,-2.079],[4.8,0]],"o":[[0,0],[0,0],[5.28,0],[2.319,2.001],[0,0],[0,3.921],[-2.241,2.081],[0,0]],"v":[[-625.316,21.759],[-625.316,-2.841],[-612.956,-2.841],[-601.556,0.159],[-598.076,9.159],[-598.076,9.639],[-601.436,18.639],[-611.996,21.759]],"c":true},"ix":2},"nm":"B","mn":"ADBE Vector Shape - Group","hd":false},{"ind":2,"ty":"sh","ix":3,"ks":{"a":0,"k":{"i":[[0,0],[0,0],[0,0],[-2.121,-1.689],[0,-3.619],[0,0],[1.999,-1.77],[4.719,0]],"o":[[0,0],[0,0],[4.56,0],[2.119,1.689],[0,0],[0,3.863],[-2.001,1.77],[0,0]],"v":[[-625.316,-15.321],[-625.316,-37.401],[-613.796,-37.401],[-603.776,-34.866],[-600.596,-26.904],[-600.596,-26.421],[-603.596,-17.974],[-613.676,-15.321]],"c":true},"ix":2},"nm":"B","mn":"ADBE Vector Shape - Group","hd":false},{"ty":"mm","mm":1,"nm":"Merge Paths 1","mn":"ADBE Vector Filter - Merge","hd":false},{"ty":"fl","c":{"a":0,"k":[1,1,1,1],"ix":4},"o":{"a":0,"k":100,"ix":5},"r":1,"bm":0,"nm":"Fill 1","mn":"ADBE Vector Graphic - Fill","hd":false},{"ty":"tr","p":{"a":0,"k":[0,0],"ix":2},"a":{"a":0,"k":[0,0],"ix":1},"s":{"a":0,"k":[100,100],"ix":3},"r":{"a":0,"k":0,"ix":6},"o":{"a":0,"k":100,"ix":7},"sk":{"a":0,"k":0,"ix":4},"sa":{"a":0,"k":0,"ix":5},"nm":"Transform"}],"nm":"B","np":6,"cix":2,"bm":0,"ix":1,"mn":"ADBE Vector Group","hd":false},{"ty":"gr","it":[{"ind":0,"ty":"sh","ix":1,"ks":{"a":0,"k":{"i":[[-6.24,5.961],[0,11.76],[0,0],[0,0],[0,0],[2.64,-3.159],[5.76,0],[2.359,3.24],[0,7.2],[0,0],[0,0],[0,0],[-6.12,-5.88],[-11.361,0]],"o":[[6.24,-5.959],[0,0],[0,0],[0,0],[0,7.841],[-2.64,3.161],[-5.921,0],[-2.361,-3.24],[0,0],[0,0],[0,0],[0,11.441],[6.12,5.88],[11.679,0]],"v":[[-506.996,27.579],[-497.636,0.999],[-497.636,-50.601],[-517.196,-50.601],[-517.196,-0.201],[-521.156,16.299],[-533.756,21.039],[-546.176,16.179],[-549.716,0.519],[-549.716,-50.601],[-569.276,-50.601],[-569.276,1.719],[-560.096,27.699],[-533.876,36.519]],"c":true},"ix":2},"nm":"U","mn":"ADBE Vector Shape - Group","hd":false},{"ty":"fl","c":{"a":0,"k":[1,1,1,1],"ix":4},"o":{"a":0,"k":100,"ix":5},"r":1,"bm":0,"nm":"Fill 1","mn":"ADBE Vector Graphic - Fill","hd":false},{"ty":"tr","p":{"a":0,"k":[1.212,0],"ix":2},"a":{"a":0,"k":[0,0],"ix":1},"s":{"a":0,"k":[100,100],"ix":3},"r":{"a":0,"k":0,"ix":6},"o":{"a":0,"k":100,"ix":7},"sk":{"a":0,"k":0,"ix":4},"sa":{"a":0,"k":0,"ix":5},"nm":"Transform"}],"nm":"U","np":3,"cix":2,"bm":0,"ix":2,"mn":"ADBE Vector Group","hd":false},{"ty":"gr","it":[{"ind":0,"ty":"sh","ix":1,"ks":{"a":0,"k":{"i":[[-4.08,1.44],[-2.801,2.484],[-1.521,3.326],[0,3.848],[1.32,3.045],[2.64,2.003],[3.919,1.163],[5.199,0.641],[2.079,0.641],[1.119,0.881],[0.439,1.163],[0,1.524],[-2.121,1.804],[-4.32,0],[-2.4,-1.879],[-0.561,-3.84],[0,0],[5.479,4.26],[9.679,0],[3.84,-1.279],[2.719,-2.239],[1.479,-3.116],[0,-3.675],[-1.161,-2.957],[-2.561,-1.999],[-3.881,-1.239],[-5.52,-0.718],[-2.081,-0.6],[-1.281,-0.801],[-0.521,-1.202],[0,-1.684],[2.559,-2.124],[4.32,0],[2.04,0.761],[1.279,1.281],[0.559,1.721],[0.24,1.92],[0,0],[-1.521,-3.439],[-2.88,-2.479],[-4.32,-1.32],[-5.921,0]],"o":[[4.08,-1.442],[2.799,-2.404],[1.519,-3.324],[0,-4.406],[-1.32,-3.045],[-2.64,-1.924],[-3.921,-1.161],[-3.281,-0.48],[-2.081,-0.641],[-1.2,-0.803],[-0.441,-1.162],[0,-2.884],[2.119,-1.804],[4.159,0],[2.4,1.881],[0,0],[-0.801,-8.52],[-5.481,-4.26],[-4.721,0],[-3.84,1.279],[-2.721,2.318],[-1.481,3.118],[0,4.157],[1.159,2.959],[2.479,2.077],[3.879,1.239],[3.12,0.482],[2.079,0.602],[1.2,0.881],[0.519,1.204],[0,3.367],[-2.561,2.124],[-3.201,0],[-2.04,-0.759],[-1.281,-1.2],[-0.561,-1.719],[0,0],[0.24,4.32],[1.519,3.441],[2.88,2.481],[4.32,1.32],[5.04,0]],"v":[[-439.556,34.357],[-429.236,28.468],[-422.756,19.875],[-420.476,9.118],[-422.456,-2.057],[-428.396,-9.628],[-438.236,-14.256],[-451.916,-16.959],[-459.956,-18.643],[-464.756,-20.927],[-467.216,-23.873],[-467.876,-27.902],[-464.696,-34.935],[-455.036,-37.641],[-445.196,-34.821],[-440.756,-26.241],[-422.876,-26.241],[-432.296,-45.411],[-455.036,-51.801],[-467.876,-49.883],[-477.716,-44.606],[-484.016,-36.454],[-486.236,-26.263],[-484.496,-15.593],[-478.916,-8.158],[-469.376,-3.182],[-455.276,-0.246],[-447.476,1.378],[-442.436,3.482],[-439.856,6.607],[-439.076,10.937],[-442.916,19.174],[-453.236,22.359],[-461.096,21.219],[-466.076,18.159],[-468.836,13.779],[-470.036,8.319],[-488.636,8.319],[-485.996,19.959],[-479.396,28.839],[-468.596,34.539],[-453.236,36.519]],"c":true},"ix":2},"nm":"S","mn":"ADBE Vector Shape - Group","hd":false},{"ty":"fl","c":{"a":0,"k":[1,1,1,1],"ix":4},"o":{"a":0,"k":100,"ix":5},"r":1,"bm":0,"nm":"Fill 1","mn":"ADBE Vector Graphic - Fill","hd":false},{"ty":"tr","p":{"a":0,"k":[1.818,0],"ix":2},"a":{"a":0,"k":[0,0],"ix":1},"s":{"a":0,"k":[100,100],"ix":3},"r":{"a":0,"k":0,"ix":6},"o":{"a":0,"k":100,"ix":7},"sk":{"a":0,"k":0,"ix":4},"sa":{"a":0,"k":0,"ix":5},"nm":"Transform"}],"nm":"S","np":3,"cix":2,"bm":0,"ix":3,"mn":"ADBE Vector Group","hd":false},{"ty":"gr","it":[{"ind":0,"ty":"sh","ix":1,"ks":{"a":0,"k":{"i":[[0,0],[0,0],[0,0],[0,0]],"o":[[0,0],[0,0],[0,0],[0,0]],"v":[[-409.316,35.199],[-389.756,35.199],[-389.756,-50.601],[-409.316,-50.601]],"c":true},"ix":2},"nm":"I","mn":"ADBE Vector Shape - Group","hd":false},{"ty":"fl","c":{"a":0,"k":[1,1,1,1],"ix":4},"o":{"a":0,"k":100,"ix":5},"r":1,"bm":0,"nm":"Fill 1","mn":"ADBE Vector Graphic - Fill","hd":false},{"ty":"tr","p":{"a":0,"k":[2.424,0],"ix":2},"a":{"a":0,"k":[0,0],"ix":1},"s":{"a":0,"k":[100,100],"ix":3},"r":{"a":0,"k":0,"ix":6},"o":{"a":0,"k":100,"ix":7},"sk":{"a":0,"k":0,"ix":4},"sa":{"a":0,"k":0,"ix":5},"nm":"Transform"}],"nm":"I","np":3,"cix":2,"bm":0,"ix":4,"mn":"ADBE Vector Group","hd":false},{"ty":"gr","it":[{"ind":0,"ty":"sh","ix":1,"ks":{"a":0,"k":{"i":[[0,0],[0,0],[0,0],[0,0],[0,0],[0,0],[0,0],[0,0],[0,0],[0,0]],"o":[[0,0],[0,0],[0,0],[0,0],[0,0],[0,0],[0,0],[0,0],[0,0],[0,0]],"v":[[-374.156,35.199],[-356.876,35.199],[-356.876,-25.881],[-321.116,35.199],[-301.676,35.199],[-301.676,-50.601],[-318.956,-50.601],[-318.956,5.919],[-351.596,-50.601],[-374.156,-50.601]],"c":true},"ix":2},"nm":"N","mn":"ADBE Vector Shape - Group","hd":false},{"ty":"fl","c":{"a":0,"k":[1,1,1,1],"ix":4},"o":{"a":0,"k":100,"ix":5},"r":1,"bm":0,"nm":"Fill 1","mn":"ADBE Vector Graphic - Fill","hd":false},{"ty":"tr","p":{"a":0,"k":[3.03,0],"ix":2},"a":{"a":0,"k":[0,0],"ix":1},"s":{"a":0,"k":[100,100],"ix":3},"r":{"a":0,"k":0,"ix":6},"o":{"a":0,"k":100,"ix":7},"sk":{"a":0,"k":0,"ix":4},"sa":{"a":0,"k":0,"ix":5},"nm":"Transform"}],"nm":"N","np":3,"cix":2,"bm":0,"ix":5,"mn":"ADBE Vector Group","hd":false},{"ty":"gr","it":[{"ind":0,"ty":"sh","ix":1,"ks":{"a":0,"k":{"i":[[0,0],[0,0],[0,0],[0,0],[0,0],[0,0],[0,0],[0,0],[0,0],[0,0],[0,0],[0,0]],"o":[[0,0],[0,0],[0,0],[0,0],[0,0],[0,0],[0,0],[0,0],[0,0],[0,0],[0,0],[0,0]],"v":[[-286.556,35.199],[-228.716,35.199],[-228.716,20.079],[-267.236,20.079],[-267.236,-1.281],[-237.956,-1.281],[-237.956,-15.441],[-267.236,-15.441],[-267.236,-35.481],[-230.636,-35.481],[-230.636,-50.601],[-286.556,-50.601]],"c":true},"ix":2},"nm":"E","mn":"ADBE Vector Shape - Group","hd":false},{"ty":"fl","c":{"a":0,"k":[1,1,1,1],"ix":4},"o":{"a":0,"k":100,"ix":5},"r":1,"bm":0,"nm":"Fill 1","mn":"ADBE Vector Graphic - Fill","hd":false},{"ty":"tr","p":{"a":0,"k":[3.939,0],"ix":2},"a":{"a":0,"k":[0,0],"ix":1},"s":{"a":0,"k":[100,100],"ix":3},"r":{"a":0,"k":0,"ix":6},"o":{"a":0,"k":100,"ix":7},"sk":{"a":0,"k":0,"ix":4},"sa":{"a":0,"k":0,"ix":5},"nm":"Transform"}],"nm":"E","np":3,"cix":2,"bm":0,"ix":6,"mn":"ADBE Vector Group","hd":false},{"ty":"gr","it":[{"ind":0,"ty":"sh","ix":1,"ks":{"a":0,"k":{"i":[[-4.08,1.44],[-2.801,2.484],[-1.521,3.326],[0,3.848],[1.32,3.045],[2.64,2.003],[3.919,1.163],[5.199,0.641],[2.079,0.641],[1.119,0.881],[0.439,1.163],[0,1.524],[-2.121,1.804],[-4.32,0],[-2.4,-1.879],[-0.561,-3.84],[0,0],[5.479,4.26],[9.679,0],[3.84,-1.279],[2.719,-2.239],[1.479,-3.116],[0,-3.675],[-1.161,-2.957],[-2.561,-1.999],[-3.881,-1.239],[-5.52,-0.718],[-2.081,-0.6],[-1.281,-0.801],[-0.521,-1.202],[0,-1.684],[2.559,-2.124],[4.32,0],[2.04,0.761],[1.279,1.281],[0.559,1.721],[0.24,1.92],[0,0],[-1.521,-3.439],[-2.88,-2.479],[-4.32,-1.32],[-5.921,0]],"o":[[4.08,-1.442],[2.799,-2.404],[1.519,-3.324],[0,-4.406],[-1.32,-3.045],[-2.64,-1.924],[-3.921,-1.161],[-3.281,-0.48],[-2.081,-0.641],[-1.2,-0.803],[-0.441,-1.162],[0,-2.884],[2.119,-1.804],[4.159,0],[2.4,1.881],[0,0],[-0.801,-8.52],[-5.481,-4.26],[-4.721,0],[-3.84,1.279],[-2.721,2.318],[-1.481,3.118],[0,4.157],[1.159,2.959],[2.479,2.077],[3.879,1.239],[3.12,0.482],[2.079,0.602],[1.2,0.881],[0.519,1.204],[0,3.367],[-2.561,2.124],[-3.201,0],[-2.04,-0.759],[-1.281,-1.2],[-0.561,-1.719],[0,0],[0.24,4.32],[1.519,3.441],[2.88,2.481],[4.32,1.32],[5.04,0]],"v":[[-174.836,34.357],[-164.516,28.468],[-158.036,19.875],[-155.756,9.118],[-157.736,-2.057],[-163.676,-9.628],[-173.516,-14.256],[-187.196,-16.959],[-195.236,-18.643],[-200.036,-20.927],[-202.496,-23.873],[-203.156,-27.902],[-199.976,-34.935],[-190.316,-37.641],[-180.476,-34.821],[-176.036,-26.241],[-158.156,-26.241],[-167.576,-45.411],[-190.316,-51.801],[-203.156,-49.883],[-212.996,-44.606],[-219.296,-36.454],[-221.516,-26.263],[-219.776,-15.593],[-214.196,-8.158],[-204.656,-3.182],[-190.556,-0.246],[-182.756,1.378],[-177.716,3.482],[-175.136,6.607],[-174.356,10.937],[-178.196,19.174],[-188.516,22.359],[-196.376,21.219],[-201.356,18.159],[-204.116,13.779],[-205.316,8.319],[-223.916,8.319],[-221.276,19.959],[-214.676,28.839],[-203.876,34.539],[-188.516,36.519]],"c":true},"ix":2},"nm":"S","mn":"ADBE Vector Shape - Group","hd":false},{"ty":"fl","c":{"a":0,"k":[1,1,1,1],"ix":4},"o":{"a":0,"k":100,"ix":5},"r":1,"bm":0,"nm":"Fill 1","mn":"ADBE Vector Graphic - Fill","hd":false},{"ty":"tr","p":{"a":0,"k":[4.242,0],"ix":2},"a":{"a":0,"k":[0,0],"ix":1},"s":{"a":0,"k":[100,100],"ix":3},"r":{"a":0,"k":0,"ix":6},"o":{"a":0,"k":100,"ix":7},"sk":{"a":0,"k":0,"ix":4},"sa":{"a":0,"k":0,"ix":5},"nm":"Transform"}],"nm":"S","np":3,"cix":2,"bm":0,"ix":7,"mn":"ADBE Vector Group","hd":false},{"ty":"gr","it":[{"ind":0,"ty":"sh","ix":1,"ks":{"a":0,"k":{"i":[[-4.08,1.44],[-2.801,2.484],[-1.521,3.326],[0,3.848],[1.32,3.045],[2.64,2.003],[3.919,1.163],[5.199,0.641],[2.079,0.641],[1.119,0.881],[0.439,1.163],[0,1.524],[-2.121,1.804],[-4.32,0],[-2.4,-1.879],[-0.561,-3.84],[0,0],[5.479,4.26],[9.679,0],[3.84,-1.279],[2.719,-2.239],[1.479,-3.116],[0,-3.675],[-1.161,-2.957],[-2.561,-1.999],[-3.881,-1.239],[-5.52,-0.718],[-2.081,-0.6],[-1.281,-0.801],[-0.521,-1.202],[0,-1.684],[2.559,-2.124],[4.32,0],[2.04,0.761],[1.279,1.281],[0.559,1.721],[0.24,1.92],[0,0],[-1.521,-3.439],[-2.88,-2.479],[-4.32,-1.32],[-5.921,0]],"o":[[4.08,-1.442],[2.799,-2.404],[1.519,-3.324],[0,-4.406],[-1.32,-3.045],[-2.64,-1.924],[-3.921,-1.161],[-3.281,-0.48],[-2.081,-0.641],[-1.2,-0.803],[-0.441,-1.162],[0,-2.884],[2.119,-1.804],[4.159,0],[2.4,1.881],[0,0],[-0.801,-8.52],[-5.481,-4.26],[-4.721,0],[-3.84,1.279],[-2.721,2.318],[-1.481,3.118],[0,4.157],[1.159,2.959],[2.479,2.077],[3.879,1.239],[3.12,0.482],[2.079,0.602],[1.2,0.881],[0.519,1.204],[0,3.367],[-2.561,2.124],[-3.201,0],[-2.04,-0.759],[-1.281,-1.2],[-0.561,-1.719],[0,0],[0.24,4.32],[1.519,3.441],[2.88,2.481],[4.32,1.32],[5.04,0]],"v":[[-102.596,34.357],[-92.276,28.468],[-85.796,19.875],[-83.516,9.118],[-85.496,-2.057],[-91.436,-9.628],[-101.276,-14.256],[-114.956,-16.959],[-122.996,-18.643],[-127.796,-20.927],[-130.256,-23.873],[-130.916,-27.902],[-127.736,-34.935],[-118.076,-37.641],[-108.236,-34.821],[-103.796,-26.241],[-85.916,-26.241],[-95.336,-45.411],[-118.076,-51.801],[-130.916,-49.883],[-140.756,-44.606],[-147.056,-36.454],[-149.276,-26.263],[-147.536,-15.593],[-141.956,-8.158],[-132.416,-3.182],[-118.316,-0.246],[-110.516,1.378],[-105.476,3.482],[-102.896,6.607],[-102.116,10.937],[-105.956,19.174],[-116.276,22.359],[-124.136,21.219],[-129.116,18.159],[-131.876,13.779],[-133.076,8.319],[-151.676,8.319],[-149.036,19.959],[-142.436,28.839],[-131.636,34.539],[-116.276,36.519]],"c":true},"ix":2},"nm":"S","mn":"ADBE Vector Shape - Group","hd":false},{"ty":"fl","c":{"a":0,"k":[1,1,1,1],"ix":4},"o":{"a":0,"k":100,"ix":5},"r":1,"bm":0,"nm":"Fill 1","mn":"ADBE Vector Graphic - Fill","hd":false},{"ty":"tr","p":{"a":0,"k":[5.455,0],"ix":2},"a":{"a":0,"k":[0,0],"ix":1},"s":{"a":0,"k":[100,100],"ix":3},"r":{"a":0,"k":0,"ix":6},"o":{"a":0,"k":100,"ix":7},"sk":{"a":0,"k":0,"ix":4},"sa":{"a":0,"k":0,"ix":5},"nm":"Transform"}],"nm":"S","np":3,"cix":2,"bm":0,"ix":8,"mn":"ADBE Vector Group","hd":false}],"ip":0,"op":131,"st":0,"bm":0},{"ddd":0,"ind":19,"ty":3,"nm":"Null 20","parent":1,"sr":1,"ks":{"o":{"a":0,"k":0,"ix":11},"r":{"a":0,"k":0,"ix":10},"p":{"a":1,"k":[{"i":{"x":0.833,"y":0.833},"o":{"x":0.167,"y":0.167},"t":71,"s":[382.485,-19.152,0],"to":[-55.455,0,0],"ti":[55.455,0,0]},{"t":130,"s":[49.758,-19.152,0]}],"ix":2,"l":2},"a":{"a":0,"k":[0,0,0],"ix":1,"l":2},"s":{"a":0,"k":[50,50,100],"ix":6,"l":2}},"ao":0,"ip":0,"op":131,"st":0,"bm":0},{"ddd":0,"ind":20,"ty":1,"nm":"Dark Gray Solid 2","parent":19,"td":1,"sr":1,"ks":{"o":{"a":0,"k":100,"ix":11},"r":{"a":0,"k":0,"ix":10},"p":{"a":0,"k":[-24,4,0],"ix":2,"l":2},"a":{"a":0,"k":[1440,520,0],"ix":1,"l":2},"s":{"a":0,"k":[30.278,27.692,100],"ix":6,"l":2}},"ao":0,"sw":2880,"sh":1040,"sc":"#161616","ip":0,"op":131,"st":0,"bm":0},{"ddd":0,"ind":21,"ty":4,"nm":"Could 2 Outlines","parent":19,"tt":1,"sr":1,"ks":{"o":{"a":0,"k":100,"ix":11},"r":{"a":0,"k":0,"ix":10},"p":{"a":1,"k":[{"i":{"x":0.08,"y":1},"o":{"x":0.6,"y":0},"t":0,"s":[-971,20,0],"to":[158,0,0],"ti":[-158,0,0]},{"t":55,"s":[-23,20,0]}],"ix":2,"l":2},"a":{"a":0,"k":[0,0,0],"ix":1,"l":2},"s":{"a":0,"k":[200,200,100],"ix":6,"l":2}},"ao":0,"shapes":[{"ty":"gr","it":[{"ind":0,"ty":"sh","ix":1,"ks":{"a":0,"k":{"i":[[-4.481,1.359],[-3.36,2.721],[-2.081,4.041],[-0.561,5.28],[0,0],[3.48,-2.719],[5.359,0],[3.879,4.881],[0,8.961],[0,0],[-4.001,4.961],[-6.801,0],[-2.921,-2.679],[-0.72,-5.199],[0,0],[2.119,3.921],[3.279,2.561],[4.44,1.281],[5.119,0],[5.199,-2.119],[3.759,-3.84],[2.16,-5.4],[0,-6.48],[0,0],[-1.841,-5.359],[-3.681,-3.759],[-5.361,-2.079],[-7.041,0]],"o":[[4.479,-1.359],[3.36,-2.64],[2.079,-4.039],[0,0],[-0.801,5.52],[-3.48,2.721],[-7.121,0],[-3.881,-4.879],[0,0],[0,-8.959],[3.999,-4.959],[5.439,0],[2.919,2.681],[0,0],[-0.48,-5.28],[-2.121,-3.919],[-3.36,-2.559],[-4.44,-1.279],[-6.081,0],[-5.201,2.121],[-3.84,3.84],[-2.16,5.4],[0,0],[0,6.641],[1.839,5.361],[3.6,3.84],[5.359,2.079],[5.28,0]],"v":[[-146.26,34.479],[-134.5,28.359],[-126.34,18.339],[-122.38,4.359],[-141.46,4.359],[-147.88,16.719],[-161.14,20.799],[-177.64,13.479],[-183.46,-7.281],[-183.46,-8.241],[-177.46,-29.121],[-161.26,-36.561],[-148.72,-32.541],[-143.26,-20.721],[-123.34,-20.721],[-127.24,-34.521],[-135.34,-44.241],[-147.04,-50.001],[-161.38,-51.921],[-178.3,-48.741],[-191.74,-39.801],[-200.74,-25.941],[-203.98,-8.121],[-203.98,-7.161],[-201.22,10.839],[-192.94,24.519],[-179.5,33.399],[-160.9,36.519]],"c":true},"ix":2},"nm":"C","mn":"ADBE Vector Shape - Group","hd":false},{"ty":"fl","c":{"a":0,"k":[1,1,1,1],"ix":4},"o":{"a":0,"k":100,"ix":5},"r":1,"bm":0,"nm":"Fill 1","mn":"ADBE Vector Graphic - Fill","hd":false},{"ty":"tr","p":{"a":0,"k":[0,0],"ix":2},"a":{"a":0,"k":[0,0],"ix":1},"s":{"a":0,"k":[100,100],"ix":3},"r":{"a":0,"k":0,"ix":6},"o":{"a":0,"k":100,"ix":7},"sk":{"a":0,"k":0,"ix":4},"sa":{"a":0,"k":0,"ix":5},"nm":"Transform"}],"nm":"C","np":3,"cix":2,"bm":0,"ix":1,"mn":"ADBE Vector Group","hd":false},{"ty":"gr","it":[{"ind":0,"ty":"sh","ix":1,"ks":{"a":0,"k":{"i":[[2.959,1.32],[2.079,2.481],[1.2,3.48],[0,4.401],[0,0],[-1.08,3.48],[-2.081,2.481],[-2.921,1.32],[-3.761,0],[-2.961,-1.359],[-2.081,-2.479],[-1.08,-3.439],[0,-4.159],[0,0],[1.119,-3.519],[1.999,-2.4],[2.919,-1.359],[3.6,0]],"o":[[-2.961,-1.32],[-2.16,-2.4],[-1.2,-3.48],[0,0],[0,-4.32],[1.08,-3.48],[2.079,-2.4],[2.919,-1.32],[3.759,0],[2.959,1.361],[1.999,2.481],[1.08,3.441],[0,0],[0,4.32],[-1.121,3.521],[-2.081,2.481],[-2.921,1.361],[-3.521,0]],"v":[[-82.9,19.059],[-90.46,13.359],[-95.5,4.539],[-97.3,-7.281],[-97.3,-8.241],[-95.68,-19.941],[-90.94,-28.881],[-83.44,-34.461],[-73.42,-36.441],[-63.34,-34.401],[-55.78,-28.641],[-51.16,-19.761],[-49.54,-8.361],[-49.54,-7.401],[-51.22,4.359],[-55.9,13.239],[-63.4,18.999],[-73.18,21.039]],"c":true},"ix":2},"nm":"O","mn":"ADBE Vector Shape - Group","hd":false},{"ind":1,"ty":"sh","ix":2,"ks":{"a":0,"k":{"i":[[-5.441,2.199],[-3.84,3.921],[-2.121,5.4],[0,6.401],[0,0],[2.199,5.28],[3.84,3.84],[5.4,2.081],[6.48,0],[5.359,-2.16],[3.919,-3.84],[2.199,-5.359],[0,-6.399],[0,0],[-2.081,-5.359],[-3.84,-3.84],[-5.441,-2.199],[-6.72,0]],"o":[[5.439,-2.199],[3.84,-3.919],[2.119,-5.4],[0,0],[0,-6.48],[-2.201,-5.28],[-3.921,-3.759],[-5.4,-2.079],[-6.401,0],[-5.361,2.16],[-4.001,3.84],[-2.201,5.361],[0,0],[0,6.24],[2.079,5.361],[3.759,3.921],[5.439,2.199],[6.72,0]],"v":[[-55.3,33.219],[-41.38,24.039],[-32.44,10.059],[-29.26,-7.641],[-29.26,-8.601],[-32.56,-26.241],[-41.62,-39.921],[-55.6,-48.681],[-73.42,-51.801],[-91.06,-48.561],[-104.98,-39.561],[-114.28,-25.761],[-117.58,-8.121],[-117.58,-7.161],[-114.46,10.239],[-105.58,24.039],[-91.78,33.219],[-73.54,36.519]],"c":true},"ix":2},"nm":"O","mn":"ADBE Vector Shape - Group","hd":false},{"ty":"mm","mm":1,"nm":"Merge Paths 1","mn":"ADBE Vector Filter - Merge","hd":false},{"ty":"fl","c":{"a":0,"k":[1,1,1,1],"ix":4},"o":{"a":0,"k":100,"ix":5},"r":1,"bm":0,"nm":"Fill 1","mn":"ADBE Vector Graphic - Fill","hd":false},{"ty":"tr","p":{"a":0,"k":[0.606,0],"ix":2},"a":{"a":0,"k":[0,0],"ix":1},"s":{"a":0,"k":[100,100],"ix":3},"r":{"a":0,"k":0,"ix":6},"o":{"a":0,"k":100,"ix":7},"sk":{"a":0,"k":0,"ix":4},"sa":{"a":0,"k":0,"ix":5},"nm":"Transform"}],"nm":"O","np":5,"cix":2,"bm":0,"ix":2,"mn":"ADBE Vector Group","hd":false},{"ty":"gr","it":[{"ind":0,"ty":"sh","ix":1,"ks":{"a":0,"k":{"i":[[-6.24,5.961],[0,11.76],[0,0],[0,0],[0,0],[2.64,-3.159],[5.76,0],[2.359,3.24],[0,7.2],[0,0],[0,0],[0,0],[-6.12,-5.88],[-11.361,0]],"o":[[6.24,-5.959],[0,0],[0,0],[0,0],[0,7.841],[-2.64,3.161],[-5.921,0],[-2.361,-3.24],[0,0],[0,0],[0,0],[0,11.441],[6.12,5.88],[11.679,0]],"v":[[42.98,27.579],[52.34,0.999],[52.34,-50.601],[32.78,-50.601],[32.78,-0.201],[28.82,16.299],[16.22,21.039],[3.8,16.179],[0.26,0.519],[0.26,-50.601],[-19.3,-50.601],[-19.3,1.719],[-10.12,27.699],[16.1,36.519]],"c":true},"ix":2},"nm":"U","mn":"ADBE Vector Shape - Group","hd":false},{"ty":"fl","c":{"a":0,"k":[1,1,1,1],"ix":4},"o":{"a":0,"k":100,"ix":5},"r":1,"bm":0,"nm":"Fill 1","mn":"ADBE Vector Graphic - Fill","hd":false},{"ty":"tr","p":{"a":0,"k":[1.212,0],"ix":2},"a":{"a":0,"k":[0,0],"ix":1},"s":{"a":0,"k":[100,100],"ix":3},"r":{"a":0,"k":0,"ix":6},"o":{"a":0,"k":100,"ix":7},"sk":{"a":0,"k":0,"ix":4},"sa":{"a":0,"k":0,"ix":5},"nm":"Transform"}],"nm":"U","np":3,"cix":2,"bm":0,"ix":3,"mn":"ADBE Vector Group","hd":false},{"ty":"gr","it":[{"ind":0,"ty":"sh","ix":1,"ks":{"a":0,"k":{"i":[[0,0],[0,0],[0,0],[0,0],[0,0],[0,0]],"o":[[0,0],[0,0],[0,0],[0,0],[0,0],[0,0]],"v":[[66.74,35.199],[121.1,35.199],[121.1,20.079],[86.18,20.079],[86.18,-50.601],[66.74,-50.601]],"c":true},"ix":2},"nm":"L","mn":"ADBE Vector Shape - Group","hd":false},{"ty":"fl","c":{"a":0,"k":[1,1,1,1],"ix":4},"o":{"a":0,"k":100,"ix":5},"r":1,"bm":0,"nm":"Fill 1","mn":"ADBE Vector Graphic - Fill","hd":false},{"ty":"tr","p":{"a":0,"k":[2.424,0],"ix":2},"a":{"a":0,"k":[0,0],"ix":1},"s":{"a":0,"k":[100,100],"ix":3},"r":{"a":0,"k":0,"ix":6},"o":{"a":0,"k":100,"ix":7},"sk":{"a":0,"k":0,"ix":4},"sa":{"a":0,"k":0,"ix":5},"nm":"Transform"}],"nm":"L","np":3,"cix":2,"bm":0,"ix":4,"mn":"ADBE Vector Group","hd":false},{"ty":"gr","it":[{"ind":0,"ty":"sh","ix":1,"ks":{"a":0,"k":{"i":[[0,0],[0,0],[0,0],[-4.041,-4.639],[0,-8.799],[0,0],[4.119,-4.68],[8.719,0]],"o":[[0,0],[0,0],[9.039,0],[4.039,4.641],[0,0],[0,8.961],[-4.121,4.68],[0,0]],"v":[[150.02,20.079],[150.02,-35.481],[157.7,-35.481],[177.32,-28.521],[183.38,-8.361],[183.38,-7.401],[177.2,13.059],[157.94,20.079]],"c":true},"ix":2},"nm":"D","mn":"ADBE Vector Shape - Group","hd":false},{"ind":1,"ty":"sh","ix":2,"ks":{"a":0,"k":{"i":[[0,0],[0,0],[-5.64,2.04],[-3.761,3.761],[-1.881,5.28],[0,6.401],[0,0],[1.879,5.201],[3.679,3.681],[5.64,1.961],[7.519,0],[0,0]],"o":[[0,0],[7.519,0],[5.64,-2.04],[3.759,-3.759],[1.879,-5.28],[0,0],[0,-6.399],[-1.881,-5.199],[-3.761,-3.6],[-5.64,-1.959],[0,0],[0,0]],"v":[[130.58,35.199],[158.54,35.199],[178.28,32.139],[192.38,23.439],[200.84,9.879],[203.66,-7.641],[203.66,-8.601],[200.84,-26.001],[192.5,-39.321],[178.4,-47.661],[158.66,-50.601],[130.58,-50.601]],"c":true},"ix":2},"nm":"D","mn":"ADBE Vector Shape - Group","hd":false},{"ty":"mm","mm":1,"nm":"Merge Paths 1","mn":"ADBE Vector Filter - Merge","hd":false},{"ty":"fl","c":{"a":0,"k":[1,1,1,1],"ix":4},"o":{"a":0,"k":100,"ix":5},"r":1,"bm":0,"nm":"Fill 1","mn":"ADBE Vector Graphic - Fill","hd":false},{"ty":"tr","p":{"a":0,"k":[3.03,0],"ix":2},"a":{"a":0,"k":[0,0],"ix":1},"s":{"a":0,"k":[100,100],"ix":3},"r":{"a":0,"k":0,"ix":6},"o":{"a":0,"k":100,"ix":7},"sk":{"a":0,"k":0,"ix":4},"sa":{"a":0,"k":0,"ix":5},"nm":"Transform"}],"nm":"D","np":5,"cix":2,"bm":0,"ix":5,"mn":"ADBE Vector Group","hd":false}],"ip":0,"op":131,"st":0,"bm":0},{"ddd":0,"ind":22,"ty":3,"nm":"Null 20","parent":1,"sr":1,"ks":{"o":{"a":0,"k":0,"ix":11},"r":{"a":0,"k":0,"ix":10},"p":{"a":1,"k":[{"i":{"x":0.833,"y":0.833},"o":{"x":0.167,"y":0.167},"t":71,"s":[709.091,-17.152,0],"to":[-55.333,0,0],"ti":[55.333,0,0]},{"t":130,"s":[377.091,-17.152,0]}],"ix":2,"l":2},"a":{"a":0,"k":[0,0,0],"ix":1,"l":2},"s":{"a":0,"k":[50,50,100],"ix":6,"l":2}},"ao":0,"ip":0,"op":131,"st":0,"bm":0},{"ddd":0,"ind":23,"ty":1,"nm":"Dark Gray Solid 2","parent":22,"td":1,"sr":1,"ks":{"o":{"a":0,"k":100,"ix":11},"r":{"a":0,"k":0,"ix":10},"p":{"a":0,"k":[8,0,0],"ix":2,"l":2},"a":{"a":0,"k":[1440,520,0],"ix":1,"l":2},"s":{"a":0,"k":[10.278,27.692,100],"ix":6,"l":2}},"ao":0,"sw":2880,"sh":1040,"sc":"#161616","ip":0,"op":131,"st":0,"bm":0},{"ddd":0,"ind":24,"ty":4,"nm":"Be 2 Outlines","parent":22,"tt":1,"sr":1,"ks":{"o":{"a":0,"k":100,"ix":11},"r":{"a":0,"k":0,"ix":10},"p":{"a":1,"k":[{"i":{"x":0.08,"y":1},"o":{"x":0.6,"y":0},"t":0,"s":[-430.5,16,0],"to":[71.333,0,0],"ti":[-71.333,0,0]},{"t":55,"s":[-2.5,16,0]}],"ix":2,"l":2},"a":{"a":0,"k":[0,0,0],"ix":1,"l":2},"s":{"a":0,"k":[200,200,100],"ix":6,"l":2}},"ao":0,"shapes":[{"ty":"gr","it":[{"ind":0,"ty":"sh","ix":1,"ks":{"a":0,"k":{"i":[[0,0],[0,0],[-5.04,4.041],[0,7.92],[0,0],[2.919,3.281],[5.599,1.121],[-2.241,3.161],[0,4.56],[0,0],[4.759,3.761],[9.439,0],[0,0]],"o":[[0,0],[9.999,0],[5.04,-4.039],[0,0],[0,-5.76],[-2.921,-3.279],[4.8,-1.359],[2.239,-3.159],[0,0],[0,-7.359],[-4.761,-3.759],[0,0],[0,0]],"v":[[-68.29,35.199],[-33.01,35.199],[-10.45,29.139],[-2.89,11.199],[-2.89,10.719],[-7.27,-2.841],[-20.05,-9.441],[-9.49,-16.221],[-6.13,-27.801],[-6.13,-28.281],[-13.27,-44.961],[-34.57,-50.601],[-68.29,-50.601]],"c":true},"ix":2},"nm":"B","mn":"ADBE Vector Shape - Group","hd":false},{"ind":1,"ty":"sh","ix":2,"ks":{"a":0,"k":{"i":[[0,0],[0,0],[0,0],[-2.321,-1.999],[0,-3.999],[0,0],[2.239,-2.079],[4.8,0]],"o":[[0,0],[0,0],[5.28,0],[2.319,2.001],[0,0],[0,3.921],[-2.241,2.081],[0,0]],"v":[[-49.33,21.759],[-49.33,-2.841],[-36.97,-2.841],[-25.57,0.159],[-22.09,9.159],[-22.09,9.639],[-25.45,18.639],[-36.01,21.759]],"c":true},"ix":2},"nm":"B","mn":"ADBE Vector Shape - Group","hd":false},{"ind":2,"ty":"sh","ix":3,"ks":{"a":0,"k":{"i":[[0,0],[0,0],[0,0],[-2.121,-1.689],[0,-3.619],[0,0],[1.999,-1.77],[4.719,0]],"o":[[0,0],[0,0],[4.56,0],[2.119,1.689],[0,0],[0,3.863],[-2.001,1.77],[0,0]],"v":[[-49.33,-15.321],[-49.33,-37.401],[-37.81,-37.401],[-27.79,-34.866],[-24.61,-26.904],[-24.61,-26.421],[-27.61,-17.974],[-37.69,-15.321]],"c":true},"ix":2},"nm":"B","mn":"ADBE Vector Shape - Group","hd":false},{"ty":"mm","mm":1,"nm":"Merge Paths 1","mn":"ADBE Vector Filter - Merge","hd":false},{"ty":"fl","c":{"a":0,"k":[1,1,1,1],"ix":4},"o":{"a":0,"k":100,"ix":5},"r":1,"bm":0,"nm":"Fill 1","mn":"ADBE Vector Graphic - Fill","hd":false},{"ty":"tr","p":{"a":0,"k":[0.606,0],"ix":2},"a":{"a":0,"k":[0,0],"ix":1},"s":{"a":0,"k":[100,100],"ix":3},"r":{"a":0,"k":0,"ix":6},"o":{"a":0,"k":100,"ix":7},"sk":{"a":0,"k":0,"ix":4},"sa":{"a":0,"k":0,"ix":5},"nm":"Transform"}],"nm":"B","np":6,"cix":2,"bm":0,"ix":1,"mn":"ADBE Vector Group","hd":false},{"ty":"gr","it":[{"ind":0,"ty":"sh","ix":1,"ks":{"a":0,"k":{"i":[[0,0],[0,0],[0,0],[0,0],[0,0],[0,0],[0,0],[0,0],[0,0],[0,0],[0,0],[0,0]],"o":[[0,0],[0,0],[0,0],[0,0],[0,0],[0,0],[0,0],[0,0],[0,0],[0,0],[0,0],[0,0]],"v":[[7.43,35.199],[65.27,35.199],[65.27,20.079],[26.75,20.079],[26.75,-1.281],[56.03,-1.281],[56.03,-15.441],[26.75,-15.441],[26.75,-35.481],[63.35,-35.481],[63.35,-50.601],[7.43,-50.601]],"c":true},"ix":2},"nm":"E","mn":"ADBE Vector Shape - Group","hd":false},{"ty":"fl","c":{"a":0,"k":[1,1,1,1],"ix":4},"o":{"a":0,"k":100,"ix":5},"r":1,"bm":0,"nm":"Fill 1","mn":"ADBE Vector Graphic - Fill","hd":false},{"ty":"tr","p":{"a":0,"k":[1.212,0],"ix":2},"a":{"a":0,"k":[0,0],"ix":1},"s":{"a":0,"k":[100,100],"ix":3},"r":{"a":0,"k":0,"ix":6},"o":{"a":0,"k":100,"ix":7},"sk":{"a":0,"k":0,"ix":4},"sa":{"a":0,"k":0,"ix":5},"nm":"Transform"}],"nm":"E","np":3,"cix":2,"bm":0,"ix":2,"mn":"ADBE Vector Group","hd":false}],"ip":0,"op":131,"st":0,"bm":0},{"ddd":0,"ind":25,"ty":1,"nm":"Black Solid 6","sr":1,"ks":{"o":{"a":0,"k":100,"ix":11},"r":{"a":0,"k":0,"ix":10},"p":{"a":0,"k":[401,130,0],"ix":2,"l":2},"a":{"a":0,"k":[1440,520,0],"ix":1,"l":2},"s":{"a":0,"k":[100,100,100],"ix":6,"l":2}},"ao":0,"sw":2880,"sh":1040,"sc":"#000000","ip":0,"op":131,"st":0,"bm":0}],"markers":[]}